timestamp,device,temperature,humidity,motion
1763531284.4781852,raspberrypi,25.0,52.17,1
1763531286.4830263,raspberrypi,25.0,52.17,0
1763531288.4868238,raspberrypi,25.0,52.17,0
1763531290.1179395,Machine-64,29.49265305307555,44.05104508259772,0
1763531290.4912755,raspberrypi,25.05,52.17,1
1763531291.12932,Machine-64,27.556531479832305,49.368080788573856,0
1763531292.4955788,raspberrypi,25.0,52.17,0
1763531294.4996693,raspberrypi,25.02,52.17,0
1763531295.5667193,Machine-64,28.778414962203215,45.763731058294645,0
1763531296.5051124,raspberrypi,25.03,52.17,1
1763531296.5821576,Machine-64,27.58089903456215,40.856969094098794,0
1763531297.7878942,Machine-64,29.20574116639886,48.21700716629165,0
1763531298.5096245,raspberrypi,25.05,52.17,1
1763531298.7819948,Machine-64,27.304048354014796,42.16883097628757,0
1763531299.796806,Machine-64,26.95048162097035,48.49666826332417,0
1763531300.513587,raspberrypi,25.0,52.17,0
1763531300.8123143,Machine-64,27.47296483261176,41.73066899513728,0
1763531301.8324552,Machine-64,28.46583319635872,45.90541133400746,0
1763531302.5177877,raspberrypi,25.0,52.17,0
1763531302.8546498,Machine-64,29.21944670087298,41.37396479060918,0
1763531303.8737898,Machine-64,29.397918684761652,48.45896275936928,0
1763531304.5234365,raspberrypi,25.05,52.17,1
1763531304.8822098,Machine-64,29.467574430930465,48.20234272947877,0
1763531305.8958201,Machine-64,26.561456860077545,46.75181295793181,1
1763531306.5269694,raspberrypi,25.03,52.17,1
1763531306.9285135,Machine-64,27.48700036876768,42.067465226098264,0
1763531307.9526281,Machine-64,28.493216905505967,48.627627575143784,0
1763531308.5314987,raspberrypi,25.05,52.17,0
1763531308.9594269,Machine-64,27.93225533432207,47.24442844969375,0
1763531309.9716983,Machine-64,28.81634270639109,47.732013689349294,0
1763531310.5358083,raspberrypi,25.03,52.17,1
1763531310.983259,Machine-64,28.95568543392686,46.54686055748359,0
1763531311.9961464,Machine-64,26.64198900457799,40.356597297281326,0
1763531312.5400941,raspberrypi,25.07,52.17,0
1763531313.0112963,Machine-64,28.272665281009395,45.57196592173069,0
1763531314.031561,Machine-64,27.88582472330306,48.87876924262153,0
1763531314.5444384,raspberrypi,25.03,52.17,0
1763531315.0481544,Machine-64,27.537091933963847,48.63023818566234,0
1763531316.061853,Machine-64,29.038135181593447,46.50333749390838,0
1763531316.5491948,raspberrypi,25.03,52.17,0
1763531317.074452,Machine-64,28.787466588547545,47.10783261278352,0
1763531318.0883667,Machine-64,28.654099331045696,40.954866669775,0
1763531318.5534072,raspberrypi,25.05,52.17,1
1763531319.1132796,Machine-64,26.831330742444575,49.67298832439036,0
1763531320.1287408,Machine-64,28.234838595739472,41.20942285428599,0
1763531320.557787,raspberrypi,25.03,52.17,0
1763531321.1461604,Machine-64,27.328916313864084,41.293341730388335,0
1763531322.1689548,Machine-64,27.878323064608374,43.03892972407333,0
1763531322.561795,raspberrypi,25.0,52.17,0
1763531323.192934,Machine-64,27.705291699643585,46.340875873612816,0
1763531324.2091057,Machine-64,27.355857458573862,40.216384041997074,0
1763531324.5668602,raspberrypi,25.0,52.17,1
1763531325.3504765,Machine-64,28.609052797109392,46.169249202659984,0
1763531326.3678982,Machine-64,29.18095425321768,44.72764942778841,0
1763531326.5705156,raspberrypi,25.0,52.17,0
1763531327.3871968,Machine-64,27.54914052664523,44.55178303227639,0
1763531328.4108162,Machine-64,27.697434442537705,43.90615213775729,0
1763531328.5742514,raspberrypi,25.03,52.17,1
1763531329.4338837,Machine-64,27.346052615732223,46.850581203522,0
1763531330.5786672,raspberrypi,25.05,52.17,1
1763531331.7066875,Machine-64,27.128727868804315,41.32896287899071,0
1763531332.5827384,raspberrypi,25.07,52.17,0
1763531332.7207859,Machine-64,28.526650191573918,48.68437787141118,0
1763531333.7392526,Machine-64,28.14467274118246,45.67182757613102,0
1763531334.5874803,raspberrypi,25.03,52.17,1
1763531334.758142,Machine-64,29.350425188207865,43.84590437252262,0
1763531335.7697413,Machine-64,29.207141929356705,45.35709786434431,0
1763531336.5912864,raspberrypi,25.07,52.17,0
1763531336.781135,Machine-64,26.515097413899873,43.16301341522181,0
1763531337.7950919,Machine-64,27.86266781262345,47.497433108984154,0
1763531338.595005,raspberrypi,25.05,52.17,1
1763531338.8122213,Machine-64,28.287925155031743,41.40604583717391,0
1763531339.8299718,Machine-64,27.096271295332873,41.70244174356779,0
1763531340.5999591,raspberrypi,25.05,52.17,0
1763531340.8477988,Machine-64,28.525541809292374,46.46267303496086,0
1763531341.8633916,Machine-64,29.152207565887927,46.31155422501614,0
1763531342.6042833,raspberrypi,25.05,52.17,1
1763531342.8829417,Machine-64,27.03027336071644,43.99742401819626,0
1763531343.9018574,Machine-64,27.15943675335609,47.05117498831373,0
1763531344.6080227,raspberrypi,25.0,52.17,0
1763531344.9150646,Machine-64,28.126166427012564,45.643934591637695,0
1763531345.9291184,Machine-64,27.95782818423305,48.49478280304663,0
1763531346.6120956,raspberrypi,25.03,52.17,1
1763531346.948795,Machine-64,29.41670917303189,42.03882115888992,1
1763531347.9597363,Machine-64,28.58987200288428,45.66773578920276,0
1763531348.61621,raspberrypi,25.05,52.17,1
1763531348.9756832,Machine-64,29.061602716961414,43.63076279433609,0
1763531349.9945395,Machine-64,27.09018999670999,42.488196149428056,0
1763531350.6205652,raspberrypi,25.02,52.17,1
1763531351.0100005,Machine-64,29.391713213323293,41.835425195650245,0
1763531352.0252826,Machine-64,29.190883249697205,41.98020061176341,0
1763531352.6257558,raspberrypi,25.03,52.17,0
1763531353.0431547,Machine-64,27.178115081615907,45.87669428625392,0
1763531354.060267,Machine-64,27.012585161320935,45.02693494658885,0
1763531354.6302547,raspberrypi,25.05,52.17,1
1763531355.0778575,Machine-64,27.623520366197777,49.81191733329121,0
1763531356.0886497,Machine-64,27.258925477930035,46.03065769320672,0
1763531356.6347964,raspberrypi,25.03,52.17,0
1763531357.1055553,Machine-64,26.99807737609636,49.93085521066561,0
1763531358.1345441,Machine-64,28.67385905867281,48.58780440500123,0
1763531358.6382627,raspberrypi,25.0,52.17,0
1763531359.142776,Machine-64,26.764389289680487,46.87882584435125,0
1763531360.1592708,Machine-64,28.916177307073106,45.29045666304821,0
1763531360.6428645,raspberrypi,25.05,52.17,0
1763531361.1759067,Machine-64,27.40574922141086,43.91055458790566,0
1763531362.1870039,Machine-64,27.657968054467293,46.51649007669333,0
1763531362.6482885,raspberrypi,25.03,52.17,1
1763531363.2012162,Machine-64,27.594450973398565,40.5963245328578,0
1763531364.2155576,Machine-64,29.38209176012835,44.43314805091078,0
1763531364.651871,raspberrypi,25.03,52.17,0
1763531365.2256036,Machine-64,26.676408164840783,49.47245175378211,0
1763531366.4226954,Machine-64,27.147514493599658,46.91899777471872,0
1763531366.6569946,raspberrypi,25.05,52.17,1
1763531367.4403064,Machine-64,26.664328794638557,48.592189430288656,0
1763531368.4566827,Machine-64,28.541096022622558,41.44977460036241,0
1763531368.662458,raspberrypi,25.03,52.17,1
1763531369.471691,Machine-64,27.87408163873143,46.14176317338135,0
1763531370.496723,Machine-64,27.483872886666315,47.0379451723483,0
1763531370.6667612,raspberrypi,25.05,52.17,1
1763531371.515753,Machine-64,27.087554791799505,44.25351433969782,0
1763531372.525045,Machine-64,27.031776324548208,44.96190808637418,0
1763531372.6710553,raspberrypi,25.03,52.17,0
1763531373.5399692,Machine-64,29.257028691706697,42.22145129374744,0
1763531374.5585148,Machine-64,28.908503145395873,49.061347586237645,0
1763531374.6744041,raspberrypi,25.07,52.17,0
1763531375.5743878,Machine-64,27.709381780475415,49.72583952953605,0
1763531376.5932183,Machine-64,26.83212827140778,45.69665828441905,0
1763531376.6789284,raspberrypi,25.05,52.17,0
1763531377.6055942,Machine-64,28.545180611853866,46.42214312230294,1
1763531378.6238475,Machine-64,27.672241775625345,45.27885506059315,0
1763531378.6835163,raspberrypi,25.05,52.17,1
1763531379.6329348,Machine-64,26.938910884847516,47.795515300347795,0
1763531380.6525743,Machine-64,28.65661225517767,40.478151659335765,0
1763531380.687678,raspberrypi,25.02,52.17,1
1763531381.6983228,Machine-64,27.086383507502482,47.8448818762088,0
1763531382.6918108,raspberrypi,25.05,52.17,0
1763531382.713107,Machine-64,27.46029012325708,48.65584579975689,0
1763531383.7287803,Machine-64,28.513101317956405,42.00255680994205,0
1763531384.6963656,raspberrypi,25.03,52.17,0
1763531384.8176572,Machine-64,27.15826449077206,41.60939789709076,0
1763531385.829212,Machine-64,28.087441768859893,46.95102784606313,0
1763531386.7002687,raspberrypi,25.03,52.17,1
1763531386.845557,Machine-64,27.519996096944812,43.06937000274785,0
1763531387.857804,Machine-64,28.09069167798002,43.79586921589481,0
1763531388.7044199,raspberrypi,25.05,52.17,1
1763531388.8845155,Machine-64,27.068908178718644,42.39215272751921,0
1763531389.9007742,Machine-64,27.79908986506961,43.7456298117787,1
1763531390.7089577,raspberrypi,25.05,52.17,0
1763531390.914382,Machine-64,27.271070845199194,43.20193477316425,0
1763531391.9293337,Machine-64,28.667682390083346,42.75191488043824,1
1763531392.7140343,raspberrypi,25.0,52.17,1
1763531392.9527197,Machine-64,28.427482073060837,42.02509658669994,0
1763531394.2958548,Machine-64,27.62418204185334,43.44789534791001,0
1763531394.7186208,raspberrypi,25.07,52.17,0
1763531395.30322,Machine-64,26.517651262134763,48.72469569232024,0
1763531396.3166485,Machine-64,26.527813154116252,44.35066786427939,0
1763531396.7228482,raspberrypi,25.05,52.17,1
1763531397.3412957,Machine-64,29.13289908683477,47.388983303436056,0
1763531398.6221778,Machine-64,29.474833599415433,47.08766927319185,0
1763531398.7269933,raspberrypi,25.05,52.17,0
1763531399.6350868,Machine-64,28.412444063982427,48.53737252228967,0
1763531400.659671,Machine-64,26.50195511779799,47.017621682457346,0
1763531400.7316976,raspberrypi,25.07,52.17,1
1763531401.672104,Machine-64,28.121126736375956,48.95924521263311,0
1763531402.686754,Machine-64,27.08872560572972,40.37421962878628,0
1763531402.7352846,raspberrypi,25.02,52.17,1
1763531403.6987343,Machine-64,28.89350378973007,44.71600769291567,0
1763531404.7155747,Machine-64,28.169219342544444,48.62991355985228,0
1763531404.7396736,raspberrypi,25.07,52.17,1
1763531405.7329617,Machine-64,28.98592562437156,45.70338811884993,1
1763531406.7435076,raspberrypi,25.05,52.17,1
1763531406.7454734,Machine-64,27.20667212893839,42.96355177052139,0
1763531407.7589772,Machine-64,27.839207909681704,44.98893823730806,0
1763531408.7477527,raspberrypi,25.05,52.17,1
1763531408.7686117,Machine-64,26.928068915802445,42.34187367128526,0
1763531409.78269,Machine-64,29.285277685018052,44.31966078285195,0
1763531410.7533126,raspberrypi,25.03,52.17,0
1763531410.790711,Machine-64,27.387377868680872,42.210857748190136,0
1763531411.813828,Machine-64,28.45511353255304,45.03945397261022,0
1763531412.7576365,raspberrypi,25.03,52.17,0
1763531412.8304691,Machine-64,27.696720132106996,47.94844828109162,0
1763531413.8437107,Machine-64,28.283711972644582,42.75426169549506,0
1763531414.762696,raspberrypi,25.05,52.17,1
1763531414.8632538,Machine-64,26.7324679969393,41.419161653996234,1
1763531415.8825579,Machine-64,26.610811339122375,44.573524417314694,0
1763531416.7668889,raspberrypi,25.03,52.17,0
1763531416.8959997,Machine-64,27.463148158406124,41.68500224851878,0
1763531417.9146402,Machine-64,27.555111493436037,49.47514930306383,0
1763531418.7712696,raspberrypi,25.05,52.17,1
1763531419.029343,Machine-64,28.52380874299726,47.40707550712933,0
1763531420.0360444,Machine-64,27.68410694089743,42.64994759538121,0
1763531420.775801,raspberrypi,25.03,52.17,0
1763531421.1992896,Machine-64,27.390788070386915,49.86700968874995,0
1763531422.2179704,Machine-64,28.9419873432793,47.98695702703098,0
1763531422.7805293,raspberrypi,25.03,52.17,0
1763531423.3674738,Machine-64,28.715594943053503,47.27433542111354,0
1763531424.381365,Machine-64,29.09988694104073,42.08799636333717,0
1763531424.7842808,raspberrypi,25.05,52.17,0
1763531425.4032035,Machine-64,27.088115145396355,40.4001647779548,0
1763531426.4541366,Machine-64,28.207252741612628,45.20759459854352,0
1763531426.7888408,raspberrypi,25.03,52.17,1
1763531427.4909766,Machine-64,27.3480462026838,41.10300757344778,0
1763531428.545635,Machine-64,27.689188973322633,45.1945889361416,0
1763531428.7935345,raspberrypi,25.05,52.17,0
1763531429.569944,Machine-64,29.06118341743504,40.219967105593625,0
1763531430.577041,Machine-64,27.644944568878245,46.03306520690161,0
1763531430.7983482,raspberrypi,25.05,52.17,0
1763531431.5972755,Machine-64,29.309675291326688,49.34093647426857,0
1763531432.6149056,Machine-64,28.375717269994944,47.310597244855714,0
1763531432.803416,raspberrypi,25.07,52.17,1
1763531433.6264973,Machine-64,27.465867352053525,47.57412878307942,0
1763531434.756844,Machine-64,27.778418284682964,47.55961668832508,0
1763531434.8069355,raspberrypi,25.1,52.17,0
1763531435.7926557,Machine-64,27.85366937459796,44.64672412378035,0
1763531436.811061,raspberrypi,25.05,52.17,1
1763531436.8984005,Machine-64,29.43399923333563,41.1678941076692,0
1763531437.9082985,Machine-64,28.87762998523821,43.871102308595894,0
1763531438.8157017,raspberrypi,25.02,52.17,1
1763531438.9216855,Machine-64,29.138997229355944,49.42509554258604,0
1763531440.0676413,Machine-64,26.90575185373503,48.55347777722469,0
1763531440.821428,raspberrypi,25.03,52.17,1
1763531441.0784075,Machine-64,27.868710277586285,43.88148910944454,0
1763531442.1783512,Machine-64,27.623111419613483,46.260095074055236,0
1763531442.8256311,raspberrypi,25.0,52.17,0
1763531443.2036464,Machine-64,28.354220492288103,46.00253780136966,0
1763531444.2136953,Machine-64,29.26086304741323,43.962995204096714,0
1763531444.8304563,raspberrypi,25.05,52.17,0
1763531445.224014,Machine-64,29.135906661653067,48.670781582956224,0
1763531446.3410728,Machine-64,26.931904080185234,40.60530369432205,0
1763531446.8345728,raspberrypi,25.02,52.17,0
1763531447.3582716,Machine-64,28.031215987567464,46.06773373481265,0
1763531448.3700206,Machine-64,29.197900109895205,46.57319748486531,0
1763531448.8390024,raspberrypi,25.05,52.17,1
1763531449.3875449,Machine-64,27.89754925988343,47.15552841035903,0
1763531450.3983119,Machine-64,27.41255820030244,48.41709796366393,0
1763531450.843434,raspberrypi,25.05,52.17,0
1763531451.40944,Machine-64,28.177439523441326,42.329394722387946,0
1763531452.4220836,Machine-64,28.097764038007156,44.54648272024337,0
1763531452.8480933,raspberrypi,25.02,52.17,0
1763531453.574511,Machine-64,28.941161210591954,47.92845096932801,0
1763531454.852157,raspberrypi,25.05,52.17,1
1763531456.216662,Machine-64,29.31294040550855,44.93600332031015,0
1763531456.8563874,raspberrypi,25.02,52.17,0
1763531457.232932,Machine-64,27.782700962905825,43.289467181082856,0
1763531458.25028,Machine-64,26.56649204373902,44.47999653093329,1
1763531458.8607438,raspberrypi,25.03,52.17,0
1763531460.8652532,raspberrypi,25.03,52.17,1
1763531462.8679624,raspberrypi,25.32,52.17,1
1763531463.2173796,Machine-64,28.283567795324657,43.35627184571407,0
1763531464.2421343,Machine-64,26.73982855576443,49.05859927130679,0
1763531464.869869,raspberrypi,25.0,52.17,1
1763531465.2978647,Machine-64,29.083079470442442,43.12931419008332,0
1763531466.3148086,Machine-64,28.7220454699524,44.371822038240396,0
1763531466.8717842,raspberrypi,25.05,52.17,1
1763531467.466512,Machine-64,27.87964865943174,42.88011592402673,0
1763531468.499669,Machine-64,27.038094333882047,49.024473809190674,1
1763531468.8763838,raspberrypi,25.07,52.17,1
1763531469.573355,Machine-64,26.98960146147053,48.5900047758759,0
1763531470.5852344,Machine-64,29.493668088307906,46.46283034952282,0
1763531470.8805764,raspberrypi,25.03,52.17,0
1763531471.5966375,Machine-64,26.587347515980667,42.670036117555654,0
1763531472.609365,Machine-64,26.799832994790144,47.168236043186475,0
1763531472.8852398,raspberrypi,25.07,52.17,1
1763531473.680882,Machine-64,27.557052974752853,42.14351531502346,0
1763531474.7108243,Machine-64,28.004269028500275,46.37279631653556,0
1763531474.8894556,raspberrypi,25.07,52.17,0
1763531475.74348,Machine-64,29.31359195568692,44.15731932659851,0
1763531476.8880322,Machine-64,27.352328702779694,49.30864975521779,0
1763531476.8943417,raspberrypi,25.05,52.17,1
1763531477.898833,Machine-64,27.9413449302304,48.2439778776306,0
1763531478.8991208,raspberrypi,25.05,52.17,0
1763531478.9129207,Machine-64,27.51850013280001,43.61439061906505,0
1763531479.9465287,Machine-64,27.859096635664287,47.97597194841064,0
1763531480.9037216,raspberrypi,25.02,52.17,0
1763531480.959252,Machine-64,27.856236881234434,42.588782298885526,0
1763531481.9743316,Machine-64,29.363458726234708,45.95465071689651,0
1763531482.907832,raspberrypi,25.03,52.17,1
1763531482.9853063,Machine-64,27.885446486537028,49.782871934368586,0
1763531484.1271305,Machine-64,29.46807541063219,47.91402885042154,0
1763531484.911483,raspberrypi,25.05,52.17,0
1763531485.1556284,Machine-64,27.699857566574668,43.798717728249414,1
1763531486.3189876,Machine-64,29.308054221655805,47.07037044456328,0
1763531486.9157076,raspberrypi,25.07,52.17,0
1763531487.3380132,Machine-64,27.856925253957233,41.22127829509762,0
1763531488.3831477,Machine-64,26.754240138805628,40.88505675850488,0
1763531488.919737,raspberrypi,25.05,52.17,1
1763531489.4566948,Machine-64,27.52236105774321,45.45624976886087,0
1763531490.4692597,Machine-64,28.18967919608487,43.10584565828454,0
1763531490.9239082,raspberrypi,25.05,52.17,0
1763531491.6220908,Machine-64,28.963714521138144,40.26336012563567,0
1763531492.6387384,Machine-64,26.901980559658785,43.87125576184726,0
1763531492.9281275,raspberrypi,25.05,52.17,0
1763531494.9321125,raspberrypi,25.07,52.17,0
1763531496.936651,raspberrypi,25.15,52.17,1
1763531497.4281135,Machine-64,28.02518593143242,48.05056731151214,1
1763531498.940692,raspberrypi,25.02,52.17,0
1763531500.5523584,Machine-64,27.984240926566002,49.51432590626309,0
1763531500.9453804,raspberrypi,25.0,52.17,1
1763531502.949435,raspberrypi,25.0,52.17,0
1763531503.431895,Machine-64,27.1779474760046,41.9002035745265,0
1763531504.4818387,Machine-64,27.978728623546893,45.877971305096416,0
1763531504.9539902,raspberrypi,25.05,52.17,0
1763531505.6461358,Machine-64,27.707207429413838,47.01838451978736,0
1763531506.6604722,Machine-64,29.16935308216334,42.58368018574717,0
1763531506.9580631,raspberrypi,25.05,52.17,1
1763531507.8230412,Machine-64,29.00136286178391,49.80892190560884,0
1763531508.852412,Machine-64,28.96819161647119,43.92521493725693,0
1763531508.96202,raspberrypi,25.07,52.17,0
1763531510.2481644,Machine-64,27.051259198334588,42.01483178266002,0
1763531510.9666054,raspberrypi,25.02,52.17,0
1763531511.2624404,Machine-64,29.000624953410554,48.06856391863026,0
1763531512.3090158,Machine-64,28.2576207825519,43.159678483244605,0
1763531512.971157,raspberrypi,25.05,52.17,1
1763531514.975645,raspberrypi,25.07,52.17,0
1763531516.540066,Machine-64,26.543445224709508,44.89995685543843,0
1763531516.9796422,raspberrypi,25.03,52.17,1
1763531517.5548446,Machine-64,26.793573385468445,49.32657085283767,0
1763531518.6907218,Machine-64,27.65049506957466,44.239712607765995,0
1763531518.983903,raspberrypi,25.03,52.18,0
1763531519.7065048,Machine-64,27.55245332854766,43.42174748057572,0
1763531520.798514,Machine-64,27.585154045766217,44.84750769007253,0
1763531520.9880562,raspberrypi,25.03,52.17,0
1763531521.8178308,Machine-64,28.064852990531573,45.24964024694161,0
1763531522.8290446,Machine-64,28.50780049951304,44.856510924171275,0
1763531522.9919283,raspberrypi,25.02,52.17,0
1763531524.013403,Machine-64,28.130273577044605,46.757804757452185,0
1763531524.9960716,raspberrypi,25.0,52.17,1
1763531525.0280814,Machine-64,26.765496866067846,45.54855695878599,1
1763531526.1776283,Machine-64,27.181438310776624,45.1651043779308,0
1763531526.9999413,raspberrypi,25.02,52.17,1
1763531527.166201,Machine-64,28.808318149706487,46.37237164625546,0
1763531528.3972452,Machine-64,29.353944928337178,44.718770322904156,0
1763531529.0043924,raspberrypi,25.05,52.17,0
1763531529.3891382,Machine-64,28.673997427772786,48.62762479193094,0
1763531530.5595167,Machine-64,28.973367090604707,47.69324626996429,0
1763531531.0083866,raspberrypi,25.12,52.17,0
1763531531.5750422,Machine-64,29.079559546660796,40.90445176493822,0
1763531532.6036608,Machine-64,28.942193819202224,47.63484270093727,0
1763531533.0128355,raspberrypi,25.02,52.17,0
1763531533.683416,Machine-64,28.140998239730052,42.84519989882676,0
1763531534.7024012,Machine-64,26.570780072815147,48.75330798959761,0
1763531535.0174594,raspberrypi,25.03,52.17,1
1763531535.7194946,Machine-64,27.339883368780296,43.21045148776836,0
1763531537.0212774,raspberrypi,25.03,52.17,1
1763531538.5573242,Machine-64,27.97661866973319,43.200441356196094,0
1763531539.0253682,raspberrypi,25.07,52.17,0
1763531539.579806,Machine-64,28.291544018178712,49.89638274769913,0
1763531540.6405659,Machine-64,27.32645418400176,42.013706232260425,0
1763531541.0298297,raspberrypi,25.05,52.17,0
1763531541.6711495,Machine-64,27.724513404769414,49.41920605642235,0
1763531542.6847107,Machine-64,27.000562173908207,48.546628550672935,0
1763531543.0344272,raspberrypi,25.02,52.17,1
1763531543.7184331,Machine-64,28.25245830663778,47.50015210466731,0
1763531544.725498,Machine-64,28.20908783050573,41.758452774209694,0
1763531545.038796,raspberrypi,25.05,52.17,0
1763531545.7547026,Machine-64,28.178326241637393,43.86658707251383,0
1763531546.760277,Machine-64,28.23652377137419,47.37608579039265,0
1763531547.0426254,raspberrypi,25.03,52.17,0
1763531547.7758183,Machine-64,28.908173294081422,49.844083061608885,0
1763531548.7977247,Machine-64,28.38072725568273,40.69749664181754,0
1763531549.0467112,raspberrypi,25.05,52.17,1
1763531549.8238401,Machine-64,29.13859118533793,44.721559151169366,0
1763531550.8399966,Machine-64,28.368438824765253,40.771518918007516,0
1763531551.0507047,raspberrypi,25.05,52.17,1
1763531551.8698416,Machine-64,28.146963086031118,40.316320481487466,0
1763531552.8874483,Machine-64,28.905745535319372,43.761974244112025,0
1763531553.0543823,raspberrypi,25.05,52.17,0
1763531553.9032543,Machine-64,26.64234738476563,44.939288267430435,0
1763531554.9356728,Machine-64,27.582150680677444,42.692855581016794,0
1763531555.05834,raspberrypi,25.05,52.17,0
1763531555.9490929,Machine-64,27.2203806486037,45.307123206611635,0
1763531556.991614,Machine-64,26.79333815653546,46.27962890270169,0
1763531557.0624797,raspberrypi,25.05,52.18,1
1763531558.0046024,Machine-64,27.312527933886756,48.12616063336381,0
1763531559.0601356,Machine-64,26.669673986455663,48.353372603943534,0
1763531559.0667737,raspberrypi,25.07,52.18,0
1763531560.082535,Machine-64,27.724583574605077,48.049533416642475,0
1763531561.0707638,raspberrypi,25.05,52.18,1
1763531561.0878804,Machine-64,28.19784346637119,45.38697461723781,1
1763531562.1080086,Machine-64,27.17649680765278,47.5271020278918,0
1763531563.0745554,raspberrypi,25.03,52.17,1
1763531563.1191993,Machine-64,26.82791140990151,48.718916334112066,0
1763531564.1386054,Machine-64,29.358546436699534,45.93051676916812,0
1763531565.0795808,raspberrypi,25.07,52.17,1
1763531565.1610332,Machine-64,27.199236399640082,47.200180859410565,0
1763531566.5413895,Machine-64,28.880010219478436,44.190371826217955,0
1763531567.0835586,raspberrypi,25.05,52.17,0
1763531567.5776927,Machine-64,27.02432329011011,49.2420862083793,0
1763531568.5931194,Machine-64,28.681238206163197,40.06712543041135,0
1763531569.0871644,raspberrypi,25.03,52.17,0
1763531569.6148787,Machine-64,27.407676661181807,47.52022787273991,0
1763531570.6236627,Machine-64,28.66768889428305,41.477922387975966,0
1763531571.091195,raspberrypi,25.05,52.17,0
1763531571.64806,Machine-64,28.254545920858924,48.76258991556666,0
1763531572.677777,Machine-64,28.47154710956816,45.20331881973644,0
1763531573.095149,raspberrypi,25.03,52.17,0
1763531573.708435,Machine-64,27.55196298115421,44.70969785776211,0
1763531574.7545457,Machine-64,27.553567552565593,41.76357949867951,0
1763531575.0995088,raspberrypi,25.05,52.17,1
1763531575.7819266,Machine-64,28.399840446595512,42.4164142768859,0
1763531577.1034815,raspberrypi,25.02,52.17,0
1763531578.6825826,Machine-64,27.959115815700578,49.01421995319486,0
1763531579.1074095,raspberrypi,25.0,52.17,1
1763531579.69985,Machine-64,27.08926442631549,43.06686512329254,0
1763531580.7169101,Machine-64,28.440278605270624,41.544155632145994,0
1763531581.111442,raspberrypi,25.0,52.18,1
1763531581.7296984,Machine-64,26.5363741595229,40.58905823516842,0
1763531582.7385237,Machine-64,28.836859216999677,41.756855187083204,0
1763531583.1160161,raspberrypi,25.05,52.18,1
1763531583.765365,Machine-64,27.250428250216117,49.943589746417345,0
1763531584.7852805,Machine-64,27.318216674476954,44.626455619024284,0
1763531585.1229055,raspberrypi,25.0,52.18,1
1763531585.7946928,Machine-64,26.87757822634099,47.82937603886587,0
1763531586.8094046,Machine-64,28.855338014733157,40.577298683425916,0
1763531587.1278684,raspberrypi,25.05,52.18,1
1763531587.8246791,Machine-64,27.034893274711365,45.53088473990218,0
1763531588.850942,Machine-64,27.115560973179083,40.61420422301535,0
1763531589.1316743,raspberrypi,25.05,52.18,0
1763531589.8764288,Machine-64,26.925494066610543,42.004308708351694,0
1763531590.8840501,Machine-64,29.18354432548673,44.86082802761958,0
1763531591.1357608,raspberrypi,25.05,52.17,0
1763531591.898844,Machine-64,26.95666695401659,46.13920158062764,1
1763531592.912779,Machine-64,28.463392425372124,42.48242601187594,0
1763531593.139853,raspberrypi,25.03,52.17,0
1763531593.928596,Machine-64,26.677911177106395,41.81478707595565,0
1763531594.9680185,Machine-64,28.10704771999871,44.7108254146284,0
1763531595.1448874,raspberrypi,25.05,52.17,1
1763531595.9838314,Machine-64,29.323010622368493,49.8133849007193,0
1763531597.0016582,Machine-64,26.812103270156207,40.04211564727225,0
1763531597.149277,raspberrypi,25.0,52.17,0
1763531599.1540227,raspberrypi,25.0,52.17,1
1763531601.1586514,raspberrypi,25.02,52.17,1
1763531601.7604954,Machine-64,27.667290742347692,42.08593006836419,0
1763531602.7805257,Machine-64,29.398443575017115,42.47082773368855,0
1763531603.162738,raspberrypi,25.03,52.17,0
1763531603.8005905,Machine-64,27.82848294583493,42.195949300049705,0
1763531604.8144646,Machine-64,26.563030900073887,47.8799037396523,0
1763531605.1674967,raspberrypi,25.03,52.17,0
1763531605.8271499,Machine-64,29.25088632395513,47.360767394980186,0
1763531606.848037,Machine-64,27.014487423358087,49.77982234521628,0
1763531607.1721199,raspberrypi,25.03,52.17,0
1763531607.8688498,Machine-64,27.45552829110826,45.88885343885707,0
1763531608.8837552,Machine-64,26.84749850361488,40.32069606569718,0
1763531609.175977,raspberrypi,25.05,52.17,1
1763531609.91096,Machine-64,27.31513595326506,46.815449424110135,0
1763531610.9248552,Machine-64,28.56890552496398,45.60875307189112,0
1763531611.1798942,raspberrypi,25.03,52.17,0
1763531613.1839685,raspberrypi,25.0,52.17,1
1763531613.8033848,Machine-64,29.298614977959748,48.378623073708134,1
1763531614.8299584,Machine-64,29.119730040234305,48.20656929250675,0
1763531615.1998215,raspberrypi,25.03,52.17,0
1763531615.8946462,Machine-64,27.078789950819168,41.75781017349048,0
1763531616.905379,Machine-64,28.92012020364299,49.80117385084294,0
1763531617.2049794,raspberrypi,25.02,52.17,0
1763531617.9318845,Machine-64,27.45542384025361,43.257060887454585,0
1763531618.9438963,Machine-64,27.442596749337273,48.57703566356136,0
1763531619.210481,raspberrypi,25.1,52.17,1
1763531619.9682498,Machine-64,26.724537943339868,48.04340311241677,0
1763531620.9829128,Machine-64,28.186916678772594,49.2926850736511,0
1763531621.2145884,raspberrypi,25.05,52.17,1
1763531622.001757,Machine-64,27.387954123128665,43.728795103498705,1
1763531623.0562162,Machine-64,27.710735055479716,45.3932657237894,0
1763531623.218651,raspberrypi,25.05,52.17,0
1763531624.0727875,Machine-64,27.198329913421073,41.429210615508346,0
1763531625.0848603,Machine-64,29.347705256556765,45.82891495697659,0
1763531625.2242174,raspberrypi,25.03,52.17,1
1763531626.1160626,Machine-64,28.084541308650973,41.327741601198404,0
1763531627.1622553,Machine-64,27.977274520065635,47.31908437740874,0
1763531627.2280846,raspberrypi,25.03,52.17,1
1763531628.2145224,Machine-64,27.43531544082158,42.661139184615244,0
1763531629.2265267,Machine-64,28.448835807611655,42.42927485946443,0
1763531629.2332587,raspberrypi,25.05,52.17,0
1763531630.2858539,Machine-64,27.27708936550428,48.194903340816005,0
1763531631.2374554,raspberrypi,25.05,52.17,0
1763531631.2994251,Machine-64,27.317662223616473,45.81883337359748,1
1763531632.307807,Machine-64,27.75387444362848,44.59648996996539,0
1763531633.2411187,raspberrypi,25.0,52.17,1
1763531633.433856,Machine-64,28.335595763540873,40.74432732833152,0
1763531634.4618104,Machine-64,28.532265648000543,42.67131096120989,0
1763531635.2452788,raspberrypi,25.05,52.17,1
1763531635.6217656,Machine-64,28.22109528504428,41.58033717175473,0
1763531636.640252,Machine-64,27.133014641868275,42.867690474749,0
1763531637.2493181,raspberrypi,25.07,52.17,0
1763531637.7595623,Machine-64,27.525577404117847,49.2125415047726,0
1763531638.8183444,Machine-64,29.007102471079556,44.314820397657215,0
1763531639.2534466,raspberrypi,25.03,52.17,1
1763531640.9375048,Machine-64,28.641462408162322,45.51519417474167,0
1763531641.2575023,raspberrypi,25.0,52.17,1
1763531641.9517403,Machine-64,29.175765670663182,49.029275637599525,0
1763531643.1027737,Machine-64,26.58010899504155,45.696354882341836,0
1763531643.2619026,raspberrypi,25.0,52.17,0
1763531644.116647,Machine-64,27.865217426834263,41.43607252708493,0
1763531645.265942,raspberrypi,25.0,52.17,0
1763531645.2735364,Machine-64,27.975565563479105,40.41191690870081,0
1763531646.2920783,Machine-64,27.683140324518636,40.41481544161773,0
1763531647.270985,raspberrypi,25.03,52.17,1
1763531647.2985833,Machine-64,27.45154032839772,44.13930790462822,0
1763531648.3608599,Machine-64,28.278114689556766,49.873805357610834,0
1763531649.274805,raspberrypi,25.05,52.17,0
1763531649.383235,Machine-64,26.729305376814125,48.926017209970546,0
1763531650.396713,Machine-64,28.289956610484154,46.70472726468899,0
1763531651.2782435,raspberrypi,25.05,52.17,0
1763531651.413482,Machine-64,27.21889054453114,40.04323692777551,0
1763531652.5276923,Machine-64,26.739674981405315,49.98786694448313,0
1763531653.2822998,raspberrypi,25.0,52.17,1
1763531653.5487683,Machine-64,28.35738378099875,40.80020695291874,0
1763531654.6938372,Machine-64,28.270914671152887,49.45922145521076,0
1763531655.2864037,raspberrypi,25.0,52.17,0
1763531655.6731868,Machine-64,28.79500831893792,48.630834436307595,0
1763531656.7084718,Machine-64,28.93456822028144,45.47807396123436,0
1763531657.2905743,raspberrypi,25.0,52.17,1
1763531657.8478339,Machine-64,28.794771038643905,42.12785971815993,0
1763531658.86035,Machine-64,26.80013656408605,48.405160641044134,0
1763531659.2946486,raspberrypi,25.05,52.17,0
1763531660.009042,Machine-64,28.026430868461023,41.4226833073603,0
1763531661.020792,Machine-64,26.844643222691847,40.16216475641667,0
1763531661.298736,raspberrypi,25.05,52.17,0
1763531662.039692,Machine-64,27.223362528546456,49.3139355241759,0
1763531663.0908802,Machine-64,26.965313529947377,41.9369254947661,0
1763531663.3030226,raspberrypi,25.05,52.17,1
1763531664.1029356,Machine-64,27.83043292639687,46.748080838089045,0
1763531665.1168683,Machine-64,29.42066624020644,43.08934315379274,0
1763531665.3072007,raspberrypi,25.05,52.17,1
1763531666.1350582,Machine-64,27.130560501568294,42.3112576694937,0
1763531667.249731,Machine-64,27.900160957218116,47.691536086465824,0
1763531667.311488,raspberrypi,25.05,52.17,1
1763531668.2712717,Machine-64,29.156983771064322,42.02613729312553,0
1763531669.2800226,Machine-64,29.22348774938778,47.85312851424611,0
1763531669.3157973,raspberrypi,25.03,52.17,1
1763531671.3198712,raspberrypi,25.02,52.17,0
1763531673.3328223,raspberrypi,25.02,52.17,1
1763531674.0303054,Machine-64,28.16931815904392,47.68269190095578,0
1763531675.0457854,Machine-64,26.674468848291642,42.92368844199419,0
1763531675.3369915,raspberrypi,25.03,52.17,0
1763531676.085589,Machine-64,26.809215231485354,49.73513238849988,0
1763531677.1481354,Machine-64,28.682265501556163,49.79861536060798,0
1763531677.3408468,raspberrypi,25.02,52.17,1
1763531678.1606882,Machine-64,27.146188326321294,41.367510310192394,0
1763531679.1825519,Machine-64,28.233754171904653,45.29154381862772,0
1763531679.3451073,raspberrypi,25.0,52.17,1
1763531680.3063293,Machine-64,26.527985032861864,41.14241460058632,0
1763531681.3256886,Machine-64,27.07205736094348,42.360674940527836,0
1763531681.34933,raspberrypi,25.0,52.17,0
1763531682.4812107,Machine-64,28.87778722022785,49.81371704376443,0
1763531683.3534386,raspberrypi,25.02,52.17,1
1763531683.4907978,Machine-64,27.066542973823985,46.08446127210644,0
1763531684.5074852,Machine-64,28.848012467703175,40.855808930930664,0
1763531685.3575928,raspberrypi,25.05,52.17,0
1763531685.6325274,Machine-64,29.18921685097901,49.98022876864238,0
1763531686.6532497,Machine-64,29.006768769163116,48.58301472051714,0
1763531687.3626335,raspberrypi,25.03,52.17,0
1763531687.822884,Machine-64,27.746287397973678,44.44368731968104,0
1763531689.3664398,raspberrypi,25.02,52.17,0
1763531690.1719494,Machine-64,29.35995037579307,48.74427686892961,0
1763531691.1982477,Machine-64,27.808145004188344,46.32102605226704,0
1763531691.370344,raspberrypi,25.02,52.17,0
1763531692.2110612,Machine-64,27.015568371839063,43.606149433301646,0
1763531693.3652043,Machine-64,27.953961701550295,40.29959430990852,1
1763531693.3745008,raspberrypi,25.0,52.17,0
1763531694.3800366,Machine-64,29.005166938592705,45.655562364948956,1
1763531695.3789523,raspberrypi,25.05,52.17,1
1763531695.385041,Machine-64,27.966200613216017,43.69119557850994,0
1763531696.4608636,Machine-64,28.13723008393221,46.554798440970636,0
1763531697.3832457,raspberrypi,25.0,52.17,0
1763531697.474447,Machine-64,27.699435338107865,41.65122652479789,0
1763531698.4886806,Machine-64,28.15273790573983,45.18955067759161,0
1763531699.388067,raspberrypi,25.03,52.17,0
1763531699.639878,Machine-64,29.10352770760457,42.28606753433803,0
1763531700.6502533,Machine-64,28.2242092167798,42.586856633613664,0
1763531701.3918939,raspberrypi,25.02,52.17,0
1763531701.6624167,Machine-64,29.474119871113345,45.745968398501105,0
1763531702.8009956,Machine-64,29.059258886905535,40.03129522674972,0
1763531703.3958707,raspberrypi,25.0,52.17,0
1763531703.812143,Machine-64,26.940782301043207,44.56068971945329,0
1763531704.9000819,Machine-64,29.019603221639336,42.051244059506125,0
1763531705.4000654,raspberrypi,25.03,52.17,1
1763531705.9220362,Machine-64,26.917520147063062,49.96404849495288,0
1763531706.9356396,Machine-64,26.84462063293127,47.312733190692015,0
1763531707.4045663,raspberrypi,25.03,52.17,0
1763531708.0858161,Machine-64,29.438794990847633,41.167189329007115,0
1763531709.0785978,Machine-64,27.90735550984024,40.56805678842768,0
1763531709.4092016,raspberrypi,25.03,52.17,1
1763531710.093311,Machine-64,27.618415824527737,49.49357665584858,0
1763531711.2367327,Machine-64,26.590230576784755,46.092203402106094,0
1763531711.4137976,raspberrypi,25.05,52.17,0
1763531712.2502127,Machine-64,27.205693960952203,41.70969619667649,0
1763531713.4008455,Machine-64,29.310990853894197,42.03492995840147,0
1763531713.418363,raspberrypi,25.02,52.17,0
1763531714.4110649,Machine-64,29.09048486365682,46.37617719360733,0
1763531715.422732,raspberrypi,25.03,52.17,1
1763531715.4331434,Machine-64,27.67487937302539,44.75887613605561,0
1763531716.5062587,Machine-64,28.768870574912647,46.90971728691123,0
1763531717.4267242,raspberrypi,25.0,52.17,1
1763531717.5230522,Machine-64,29.394892364387776,42.68609330548302,0
1763531718.5492034,Machine-64,27.197845553340997,47.149320988813585,0
1763531719.4316719,raspberrypi,25.02,52.17,1
1763531719.6906009,Machine-64,26.766500998627517,42.29021361350672,0
1763531720.7118456,Machine-64,29.031552173465883,45.111511666698,0
1763531721.4360604,raspberrypi,25.05,52.17,1
1763531721.8692014,Machine-64,26.95749105649782,44.62872185263365,0
1763531722.8841422,Machine-64,27.50595560266061,41.200898063427786,1
1763531723.4401565,raspberrypi,25.03,52.17,0
1763531724.0548706,Machine-64,26.759341349790432,46.87789967733769,1
1763531725.0647302,Machine-64,27.4805483732916,47.193679470436024,0
1763531725.4447262,raspberrypi,25.0,52.17,1
1763531726.1408207,Machine-64,26.817360467353666,42.16741041332615,0
1763531727.182277,Machine-64,28.283299215501373,41.88160123995116,0
1763531727.44888,raspberrypi,25.05,52.17,0
1763531728.1994047,Machine-64,27.139716532393592,43.1160366084204,0
1763531729.348976,Machine-64,29.393045492936263,47.35851886131455,0
1763531729.4532573,raspberrypi,25.03,52.17,1
1763531730.2326505,Machine-64,26.967687186547707,44.66910587945359,1
1763531731.2962856,Machine-64,29.077907721842593,40.5773261576837,0
1763531731.4578667,raspberrypi,25.03,52.17,1
1763531732.3221166,Machine-64,27.02422468923549,45.77841401051371,0
1763531733.3737643,Machine-64,26.802055863472347,49.21241753532705,0
1763531733.4619405,raspberrypi,25.0,52.17,0
1763531734.4506955,Machine-64,26.894497296938464,42.87240146014508,0
1763531735.4615543,Machine-64,26.54506001375108,42.7986372027686,0
1763531735.4663706,raspberrypi,25.03,52.17,1
1763531736.6187344,Machine-64,29.35795798485515,48.55635080892346,0
1763531737.4737916,raspberrypi,25.05,52.17,1
1763531737.6346347,Machine-64,29.120031720304915,48.82689123579076,0
1763531738.7849188,Machine-64,26.653201715777286,41.60281644157545,0
1763531739.477909,raspberrypi,25.03,52.17,0
1763531739.797533,Machine-64,26.952170693424662,47.48147145871528,0
1763531740.9513667,Machine-64,27.494702452439558,47.11831233235345,0
1763531741.4817858,raspberrypi,25.03,52.17,1
1763531741.96075,Machine-64,27.276276487558974,47.40592903108013,0
1763531742.9850469,Machine-64,27.128026982230242,46.729318774994084,0
1763531743.485946,raspberrypi,25.0,52.17,0
1763531744.0958178,Machine-64,27.351765208194294,49.768081888637525,0
1763531745.1305652,Machine-64,26.933293657941153,49.72605816694527,0
1763531745.4902866,raspberrypi,25.03,52.17,1
1763531746.2438703,Machine-64,27.98389217700119,46.83885623031714,0
1763531747.2608178,Machine-64,27.898444030480086,42.541204159859724,0
1763531747.4942832,raspberrypi,25.03,52.17,1
1763531748.448852,Machine-64,29.37678869189967,48.284582150806216,0
1763531749.498255,raspberrypi,25.0,52.17,0
1763531751.5024576,raspberrypi,25.02,52.17,0
1763531753.3375125,Machine-64,27.208507872289637,45.8792498371853,0
1763531753.5060902,raspberrypi,25.03,52.17,0
1763531754.4934208,Machine-64,28.50725071130872,47.155538823519805,0
1763531755.508287,Machine-64,27.506795563360075,40.35420546886304,0
1763531755.5105197,raspberrypi,25.0,52.17,0
1763531756.669699,Machine-64,28.14753453450666,43.98682673296436,0
1763531757.5149617,raspberrypi,25.0,52.17,1
1763531757.6880164,Machine-64,27.824507627772658,41.951621565917094,0
1763531758.8399532,Machine-64,26.6902120348696,42.08574165495479,0
1763531759.5194473,raspberrypi,25.05,52.17,0
1763531759.8601995,Machine-64,27.558124534175356,41.82040069642947,0
1763531761.0081823,Machine-64,27.37019057376619,48.78627546573339,0
1763531761.5249245,raspberrypi,25.03,52.17,1
1763531762.0196145,Machine-64,27.253358028134848,41.44382748761121,0
1763531763.0325043,Machine-64,26.792710979266854,41.00378451998049,0
1763531763.5288444,raspberrypi,25.03,52.17,1
1763531764.1639662,Machine-64,27.07805110533352,41.098813219823924,0
1763531765.1773071,Machine-64,29.041160867773204,49.41058119696546,0
1763531765.5325916,raspberrypi,25.05,52.17,0
1763531766.334066,Machine-64,28.81794583070178,47.26360004816253,0
1763531767.3459773,Machine-64,27.09296324115252,46.741051424585805,0
1763531767.5370429,raspberrypi,25.0,52.17,0
1763531768.5010855,Machine-64,27.651643361962613,45.60845750606394,0
1763531769.4760778,Machine-64,26.74540172280728,40.53847843289264,0
1763531769.540334,raspberrypi,25.05,52.17,0
1763531770.4887528,Machine-64,26.658097594535327,43.637217148322115,0
1763531771.5443625,raspberrypi,25.05,52.17,0
1763531771.5616138,Machine-64,28.23422735225614,45.430331113598484,0
1763531772.622036,Machine-64,27.334104480941782,43.849983246188955,0
1763531773.549426,raspberrypi,25.02,52.17,0
1763531773.638313,Machine-64,29.12696977526829,45.282670896397,0
1763531775.5541303,raspberrypi,25.0,52.17,0
1763531776.4421625,Machine-64,27.695045540988993,49.82451573221832,1
1763531777.4534461,Machine-64,28.987379822946213,47.219095390311765,1
1763531777.5582302,raspberrypi,25.2,52.17,1
1763531778.466995,Machine-64,26.815192737786973,48.348695344307565,0
1763531779.483947,Machine-64,29.290184323122258,48.33542954753909,0
1763531779.562635,raspberrypi,25.03,52.17,0
1763531780.603006,Machine-64,28.80136910938958,47.786975156783356,0
1763531781.565137,raspberrypi,25.02,52.19,0
1763531781.628694,Machine-64,28.055022586830468,40.91692065259799,0
1763531782.771409,Machine-64,27.619734009224143,48.268603345908446,0
1763531783.56752,raspberrypi,25.03,52.19,0
1763531783.7843962,Machine-64,27.566329760589788,49.17723260410834,0
1763531784.9400606,Machine-64,27.711666282334633,44.324050383077434,0
1763531785.5716505,raspberrypi,25.1,52.33,0
1763531785.8686018,Machine-64,26.634982598277873,40.68617600224616,0
1763531786.8878636,Machine-64,28.320596176931605,46.36214994938882,0
1763531787.5735772,raspberrypi,25.5,52.23,1
1763531787.9035122,Machine-64,28.363374597848555,47.351643569297636,0
1763531789.0556114,Machine-64,28.039811875614117,43.02341254226268,0
1763531789.5757055,raspberrypi,25.02,52.24,1
1763531790.0707433,Machine-64,27.043752467995507,48.93126303203479,0
1763531791.0878582,Machine-64,28.88354749073318,46.56677644544684,0
1763531791.5778139,raspberrypi,25.0,52.24,0
1763531792.214068,Machine-64,29.255341296825424,49.16843212321194,0
1763531793.2214813,Machine-64,26.591334530163014,49.508462165434686,0
1763531793.5821216,raspberrypi,25.0,52.23,0
1763531794.3759787,Machine-64,28.795680545200472,44.11353407520509,0
1763531795.3900678,Machine-64,27.693330937920273,43.02761230543932,0
1763531795.5857053,raspberrypi,25.03,52.23,0
1763531796.5488138,Machine-64,27.184013786716996,44.43394248904664,0
1763531797.5542305,Machine-64,28.895937103214678,43.17117472265869,0
1763531797.5896943,raspberrypi,25.0,52.22,0
1763531798.5695567,Machine-64,28.14281464955468,42.598091792980874,0
1763531799.5935836,raspberrypi,25.0,52.22,0
1763531799.693745,Machine-64,27.99045102767968,49.85124679013185,0
1763531800.710105,Machine-64,28.23692489333619,42.636377364277486,0
1763531801.5978215,raspberrypi,25.03,52.22,0
1763531801.8612733,Machine-64,27.941365319318443,46.41873125664277,0
1763531802.89279,Machine-64,26.785780814485907,45.89283817370385,0
1763531803.6018176,raspberrypi,25.03,52.22,1
1763531803.9389772,Machine-64,28.186144373310942,40.27443096766503,0
1763531804.9974895,Machine-64,27.71248028747721,47.56622589659051,0
1763531805.6058383,raspberrypi,25.03,52.22,1
1763531806.0166662,Machine-64,27.30400487685789,42.11691698676352,0
1763531807.148765,Machine-64,27.69053241034392,47.19640516880928,0
1763531807.609866,raspberrypi,25.03,52.22,0
1763531808.1846585,Machine-64,26.82156534342338,43.13290986647268,1
1763531809.346637,Machine-64,28.723800382355993,47.8901238464645,0
1763531809.6137986,raspberrypi,25.05,52.22,1
1763531810.3637002,Machine-64,27.975506873634185,46.146998672898434,0
1763531811.535408,Machine-64,27.392914250144003,42.46828321461463,0
1763531811.617499,raspberrypi,25.02,52.22,1
1763531812.5592785,Machine-64,26.77589276937563,49.08644655878156,0
1763531813.5979922,Machine-64,26.995472721117444,48.616889840941944,0
1763531813.6213932,raspberrypi,25.03,52.22,0
1763531814.67183,Machine-64,27.57025957803811,44.215376116734255,0
1763531815.625445,raspberrypi,25.0,52.22,0
1763531815.6857345,Machine-64,27.607704737080653,45.39627591138117,0
1763531816.698989,Machine-64,27.52932944742477,47.62853689351778,0
1763531817.6304016,raspberrypi,25.0,52.22,0
1763531817.8195517,Machine-64,26.7514395578357,41.77181600524894,0
1763531818.8360932,Machine-64,26.945026136553572,46.802283461166915,0
1763531819.633967,raspberrypi,25.05,52.22,0
1763531819.9924185,Machine-64,26.655788694043547,43.29738197908497,0
1763531821.007013,Machine-64,28.026758442568376,42.24926738633414,0
1763531821.637979,raspberrypi,25.03,52.22,0
1763531822.0233948,Machine-64,29.150207603089196,42.73936393549103,0
1763531823.1398077,Machine-64,29.215415407222515,42.75009250708262,0
1763531823.6422503,raspberrypi,25.05,52.22,1
1763531824.174077,Machine-64,26.598467370740313,45.83251659982632,0
1763531825.2372699,Machine-64,27.288850765529105,46.7318516219452,0
1763531825.6462336,raspberrypi,25.03,52.22,1
1763531826.28102,Machine-64,28.897943338588902,43.51176469481506,0
1763531827.306303,Machine-64,27.99413074214384,40.42660917107305,0
1763531827.650176,raspberrypi,25.0,52.22,0
1763531828.5070653,Machine-64,28.91698588845815,47.607718645878315,0
1763531829.5124922,Machine-64,29.158858411876015,43.881622861558036,0
1763531829.653741,raspberrypi,25.0,52.22,0
1763531830.6315198,Machine-64,28.97649312818203,43.07362945022824,0
1763531831.6484027,Machine-64,27.217004447327792,46.11440769984785,0
1763531831.657494,raspberrypi,25.03,52.22,1
1763531832.796728,Machine-64,27.843249597016783,49.148064224039786,0
1763531833.6617143,raspberrypi,25.0,52.22,0
1763531833.8102915,Machine-64,28.33250390232454,46.39340752171498,0
1763531834.8268714,Machine-64,29.455600233770184,46.80427059425777,0
1763531835.6660762,raspberrypi,25.03,52.22,1
1763531835.8931355,Machine-64,27.023430522671053,46.88435637277097,0
1763531836.9086325,Machine-64,29.152423041725484,49.346991266642014,0
1763531837.6700995,raspberrypi,25.0,52.22,0
1763531837.9689581,Machine-64,27.374120854949254,42.52630066768894,0
1763531839.0877032,Machine-64,27.933723377634838,46.717880844527414,0
1763531839.6737974,raspberrypi,25.0,52.22,1
1763531840.101901,Machine-64,28.419620652874876,48.357574995462166,0
1763531841.2599537,Machine-64,27.97061452003002,48.91214000664311,0
1763531841.6781287,raspberrypi,25.05,52.22,0
1763531842.2654727,Machine-64,26.72266003683779,40.73442842017822,0
1763531843.2791088,Machine-64,28.356280628835457,40.19040429431718,0
1763531843.6817365,raspberrypi,25.02,52.22,1
1763531844.3183665,Machine-64,27.277609253726038,47.826375022064674,0
1763531845.3379505,Machine-64,26.99202156749042,44.668679222304604,0
1763531845.6860132,raspberrypi,25.02,52.22,0
1763531846.3599815,Machine-64,28.756717253118772,47.66510487985879,0
1763531847.374753,Machine-64,27.68286927872545,49.16101177397163,0
1763531847.689926,raspberrypi,25.05,52.22,1
1763531848.5075493,Machine-64,28.225128514593678,49.7709934253314,0
1763531849.5235164,Machine-64,27.4036037992419,40.23098776477008,0
1763531849.6935291,raspberrypi,25.03,52.22,0
1763531850.5645428,Machine-64,27.99847713552224,48.467489696846705,0
1763531851.5810287,Machine-64,26.577074747528457,45.829312739178704,0
1763531851.6974058,raspberrypi,25.0,52.22,0
1763531852.599794,Machine-64,28.063870949122496,40.738933918706614,0
1763531853.6211865,Machine-64,27.009804630909017,47.80850914017995,0
1763531853.7017238,raspberrypi,25.05,52.22,0
1763531854.6427,Machine-64,27.502026153694423,41.69741804421713,0
1763531855.705978,raspberrypi,25.02,52.22,1
1763531855.7614715,Machine-64,28.984640328444968,46.73941042704903,0
1763531856.7770095,Machine-64,27.2282460651277,48.305863827192695,0
1763531857.7098594,raspberrypi,25.03,52.22,0
1763531857.9439275,Machine-64,28.46463324880017,48.08454232515315,0
1763531858.9570122,Machine-64,26.87144687218365,48.78316105545147,0
1763531859.713834,raspberrypi,25.0,52.22,1
1763531859.99874,Machine-64,28.046133973589086,44.09491202869642,1
1763531861.0135064,Machine-64,27.938123809005166,49.835361710779324,0
1763531861.717837,raspberrypi,25.03,52.22,0
1763531862.026443,Machine-64,28.326914950453663,46.0729850601236,0
1763531863.0436523,Machine-64,28.711599242730323,41.03623664696549,0
1763531863.7215796,raspberrypi,25.05,52.22,0
1763531864.0660145,Machine-64,29.367112194045113,46.94975658194245,0
1763531865.2032125,Machine-64,28.33795121133534,48.10291622785192,0
1763531865.725491,raspberrypi,25.05,52.22,1
1763531866.221817,Machine-64,28.23404095960982,45.888684440877014,0
1763531867.2422328,Machine-64,26.67371942066965,47.3396438311265,0
1763531867.729817,raspberrypi,25.07,52.22,0
1763531868.2654495,Machine-64,27.52282354591769,40.15705342388482,0
1763531869.2869096,Machine-64,27.285749763942533,43.378616995318154,0
1763531869.7334876,raspberrypi,25.15,52.23,0
1763531870.2965693,Machine-64,29.402726028027384,41.088732400501286,0
1763531871.3143773,Machine-64,27.589541962548413,42.76346380765919,0
1763531871.7374072,raspberrypi,25.05,52.23,1
1763531872.4311006,Machine-64,28.40828862325288,40.19441102625408,0
1763531873.4538515,Machine-64,28.375028593018698,44.01528058278471,0
1763531873.7414727,raspberrypi,25.03,52.23,1
1763531874.467687,Machine-64,27.80617802070042,42.09998960091837,0
1763531875.486701,Machine-64,28.387455251075938,44.80824651530701,0
1763531875.7454345,raspberrypi,25.02,52.23,0
1763531876.4987776,Machine-64,27.505431126673223,49.187041297474096,0
1763531877.513129,Machine-64,28.570669306286188,43.8656683051551,0
1763531877.7498734,raspberrypi,25.0,52.23,1
1763531878.533075,Machine-64,27.030476869805742,42.133796967254156,0
1763531879.540274,Machine-64,27.46967826448608,48.237548293878206,0
1763531879.7538831,raspberrypi,25.07,52.23,1
1763531880.5611851,Machine-64,26.97002313527046,45.997315809493124,0
1763531881.5772746,Machine-64,28.32126121534844,46.948505661893364,0
1763531881.7578282,raspberrypi,25.03,52.23,0
1763531882.597327,Machine-64,27.542619736552364,47.84646257754594,0
1763531883.6160476,Machine-64,27.34090367873277,41.51389003680828,0
1763531883.7618244,raspberrypi,25.05,52.23,1
1763531884.6282058,Machine-64,29.477337667426998,44.516302304814424,0
1763531885.6395733,Machine-64,28.39103506086641,48.482708854328905,0
1763531885.7670388,raspberrypi,25.05,52.22,1
1763531886.6577046,Machine-64,27.716424158787976,46.930518964681816,0
1763531887.6703126,Machine-64,28.55895862064348,43.62226325432913,0
1763531887.7720482,raspberrypi,25.05,52.22,1
1763531888.686184,Machine-64,26.534234651631365,48.258183293015115,0
1763531889.701467,Machine-64,28.58533226808562,46.746398109867016,0
1763531889.776514,raspberrypi,25.02,52.22,0
1763531890.7130966,Machine-64,27.067581734446563,48.33248397268312,0
1763531891.736497,Machine-64,29.4767379922829,44.70314270830228,0
1763531891.7814002,raspberrypi,25.0,52.22,0
1763531892.774956,Machine-64,28.61904666111092,40.86661636687768,0
1763531893.7850032,raspberrypi,25.05,52.22,1
1763531893.7915459,Machine-64,28.810072876244345,40.78790241062531,0
1763531895.789686,raspberrypi,25.0,52.22,0
1763531895.9074342,Machine-64,28.3791935839958,49.68208981734759,0
1763531896.9210415,Machine-64,27.767148816357167,44.07607638657191,0
1763531897.7950468,raspberrypi,25.03,52.22,1
1763531897.9391959,Machine-64,28.246570873929894,48.82963471474648,0
1763531898.9494078,Machine-64,27.371010008425333,47.33347969630707,0
1763531899.7995665,raspberrypi,25.0,52.22,1
1763531899.9684236,Machine-64,27.474658732557405,45.53926853202654,0
1763531900.9824743,Machine-64,26.775406096944508,47.30421772085791,1
1763531901.8040216,raspberrypi,25.0,52.22,1
1763531902.0009377,Machine-64,26.947258762936418,46.124532485746485,0
1763531903.0199788,Machine-64,29.419520148745747,45.50589926742713,0
1763531903.8080635,raspberrypi,25.05,52.22,1
1763531904.0371335,Machine-64,28.95202998752011,46.95087391563412,0
1763531905.052452,Machine-64,28.496790394249313,40.01246726160211,0
1763531905.8120623,raspberrypi,25.05,52.22,0
1763531906.0649502,Machine-64,26.703180689402892,47.32517876417054,1
1763531907.0824125,Machine-64,28.586698032774006,49.86912329544715,0
1763531907.815902,raspberrypi,25.05,52.22,1
1763531908.0986764,Machine-64,28.201920449025437,43.96058028729038,0
1763531909.122221,Machine-64,28.085105117726393,46.29399907921592,0
1763531909.8200855,raspberrypi,25.03,52.22,0
1763531910.1456454,Machine-64,29.4096094283211,46.51026612961628,0
1763531911.167687,Machine-64,27.12513248667909,42.24844071380846,0
1763531911.8246033,raspberrypi,25.05,52.22,1
1763531912.1902244,Machine-64,28.483960644532004,49.077952288930945,0
1763531913.21682,Machine-64,28.575945383168865,40.32262277510936,0
1763531913.8290966,raspberrypi,25.03,52.22,0
1763531914.2347956,Machine-64,28.992805558001557,49.3157828926504,0
1763531915.833154,raspberrypi,25.0,52.22,1
1763531916.020064,Machine-64,28.008093300074997,47.84882614605426,0
1763531917.0362182,Machine-64,28.056105624188085,43.564946462285995,0
1763531917.8378763,raspberrypi,25.0,52.22,1
1763531918.0487077,Machine-64,27.23782375544361,49.76122772851074,0
1763531919.062833,Machine-64,27.981867195716557,49.09357043822656,0
1763531919.8437223,raspberrypi,25.0,52.22,0
1763531920.0774882,Machine-64,28.82465655586372,48.289504842604636,0
1763531921.095254,Machine-64,26.919259711090312,41.090539690243496,0
1763531921.8472872,raspberrypi,25.05,52.23,1
1763531922.1119933,Machine-64,29.19960033734847,45.4645092501356,0
1763531923.1252196,Machine-64,27.003700937700533,46.265484170196665,0
1763531923.8521388,raspberrypi,25.03,52.23,1
1763531924.1376433,Machine-64,28.860755463553147,43.72490099452954,0
1763531925.1520388,Machine-64,28.79488983582404,49.23719256871081,0
1763531925.8554382,raspberrypi,25.03,52.23,0
1763531926.1648102,Machine-64,26.710634471668513,46.310716573542486,0
1763531927.1778085,Machine-64,26.937875923438614,41.19407658001989,0
1763531927.859717,raspberrypi,25.03,52.23,1
1763531929.0296159,Machine-64,28.92498671077189,47.95520431379738,0
1763531929.8638604,raspberrypi,25.0,52.23,1
1763531930.0426195,Machine-64,29.453596887754987,45.268924508821634,0
1763531931.0586693,Machine-64,29.37574030554733,40.38490193101011,0
1763531931.8678832,raspberrypi,25.02,52.23,0
1763531932.0717952,Machine-64,28.70122115209459,40.17203280754181,0
1763531933.0879037,Machine-64,27.293607560155053,40.97670923505536,0
1763531933.8716776,raspberrypi,25.05,52.23,1
1763531934.1479795,Machine-64,28.799863845395976,47.89986171385538,0
1763531935.1611607,Machine-64,27.68850597096987,43.52158451330625,0
1763531935.8755646,raspberrypi,25.02,52.23,1
1763531936.1748226,Machine-64,29.00372457004248,46.756561326737206,0
1763531937.2128947,Machine-64,26.858169712255847,43.669736041399474,0
1763531937.8799012,raspberrypi,25.05,52.23,0
1763531938.2229173,Machine-64,28.06577539986845,44.7670740863725,0
1763531939.234768,Machine-64,28.46489890251309,49.64780244253127,0
1763531939.8838966,raspberrypi,25.05,52.23,1
1763531940.2550285,Machine-64,26.8650259185039,46.83970013558684,0
1763531941.2777896,Machine-64,26.807218684190715,47.08795640311059,0
1763531941.8875399,raspberrypi,25.02,52.23,1
1763531942.286457,Machine-64,27.975713726696554,49.8093628722948,0
1763531943.892389,raspberrypi,25.02,52.23,1
1763531945.0882304,Machine-64,27.575457886208202,45.51565289432663,0
1763531945.897238,raspberrypi,25.05,52.23,0
1763531946.1024327,Machine-64,28.9219875269907,40.36893994938817,0
1763531947.118609,Machine-64,28.868148973164683,46.209297736031765,0
1763531947.902267,raspberrypi,25.05,52.23,0
1763531948.1382232,Machine-64,28.6010296547684,47.60655674100511,0
1763531949.1838408,Machine-64,27.839268659747365,40.60976936071989,0
1763531949.906635,raspberrypi,25.05,52.23,0
1763531951.91104,raspberrypi,25.03,52.23,1
1763531952.111549,Machine-64,27.196947417887564,47.79437714156906,0
1763531953.1217885,Machine-64,26.702377739655095,45.8333871468894,0
1763531953.9155786,raspberrypi,25.05,52.23,1
1763531954.13808,Machine-64,27.615389454845225,49.40444935185338,0
1763531955.200826,Machine-64,26.658152801023032,41.25374464718895,0
1763531955.9192874,raspberrypi,25.02,52.23,1
1763531956.2070508,Machine-64,29.424738105804995,49.59169619241623,0
1763531957.2133844,Machine-64,28.53307534798015,43.86980442489399,0
1763531957.92367,raspberrypi,25.0,52.23,0
1763531958.2222033,Machine-64,28.642802758943574,40.68156703199308,0
1763531959.2308536,Machine-64,26.605835575798835,47.38405960680081,0
1763531959.9283307,raspberrypi,25.05,52.23,1
1763531960.2408483,Machine-64,27.501169246666255,46.20085301587111,0
1763531961.2483118,Machine-64,28.920354314253323,43.527786043330316,0
1763531961.932614,raspberrypi,25.02,52.23,1
1763531962.280606,Machine-64,27.55197692937905,44.92137978401789,0
1763531963.3013551,Machine-64,27.588344974603153,46.457590460695606,0
1763531963.9366257,raspberrypi,25.03,52.23,1
1763531964.317376,Machine-64,28.305019913201647,44.23865749589726,1
1763531965.9407275,raspberrypi,25.03,52.23,1
1763531966.170105,Machine-64,26.61511265188318,40.15282730382096,0
1763531967.19378,Machine-64,26.81509201787515,48.50627428552927,0
1763531967.9472291,raspberrypi,25.0,52.23,0
1763531968.216802,Machine-64,27.119307782738986,43.46375375108974,0
1763531969.2354567,Machine-64,27.24391071482978,42.72331396524854,0
1763531969.9512014,raspberrypi,25.07,52.23,1
1763531970.2600546,Machine-64,27.986702285314422,45.97160918443946,0
1763531971.279044,Machine-64,26.97933188248031,49.952062387273365,0
1763531971.9566398,raspberrypi,25.05,52.23,0
1763531972.3014708,Machine-64,27.2281999365984,43.3255107232852,0
1763531973.3266838,Machine-64,27.646441465930515,42.90253814707919,0
1763531973.9613338,raspberrypi,25.05,52.23,0
1763531974.3386064,Machine-64,29.1408778967813,43.043596663014604,0
1763531975.3489678,Machine-64,29.223284941053848,47.13201435945767,0
1763531975.9655805,raspberrypi,25.05,52.23,1
1763531976.360554,Machine-64,29.408023055759784,42.069097578477276,0
1763531977.3795133,Machine-64,28.00324769801965,46.16402241902541,0
1763531977.9691577,raspberrypi,25.03,52.23,0
1763531978.3960063,Machine-64,28.034421369508227,49.15755736545943,1
1763531979.411711,Machine-64,27.39176968664871,48.6148690051315,0
1763531979.9736166,raspberrypi,25.03,52.23,0
1763531980.4250965,Machine-64,27.146564880710383,44.46482088027921,0
1763531981.4437666,Machine-64,29.294082758477103,41.849247173617265,0
1763531981.97799,raspberrypi,25.03,52.22,0
1763531982.455769,Machine-64,29.293696135471784,47.395477877900724,0
1763531983.469602,Machine-64,28.387002654750496,43.0525555008187,0
1763531983.9820938,raspberrypi,25.03,52.22,1
1763531984.4870462,Machine-64,26.7934663734002,43.25772739181464,0
1763531985.51426,Machine-64,28.487429998799886,45.89375115255045,0
1763531985.9857779,raspberrypi,25.0,52.22,0
1763531986.5358157,Machine-64,27.66973628518907,40.13907663545841,0
1763531987.5480442,Machine-64,26.655481114015153,47.6116736052049,0
1763531987.98986,raspberrypi,25.07,52.22,1
1763531988.562123,Machine-64,28.325737676585327,47.59414481249948,1
1763531989.5740633,Machine-64,27.437165860796018,42.685433678947454,1
1763531989.9943109,raspberrypi,25.03,52.22,1
1763531990.5880566,Machine-64,26.674076927205714,48.08991747461998,0
1763531991.5984378,Machine-64,28.935059860759708,44.82369056361873,0
1763531991.9983299,raspberrypi,25.03,52.22,1
1763531992.624313,Machine-64,29.19583677901128,47.691025229857516,0
1763531993.6425724,Machine-64,27.45710034940081,44.93274932781657,0
1763531994.002721,raspberrypi,25.05,52.22,1
1763531994.65946,Machine-64,28.88815199524073,43.29706511968039,0
1763531995.674741,Machine-64,28.428673969904004,49.711287460416365,0
1763531996.008325,raspberrypi,25.02,52.22,1
1763531996.6902204,Machine-64,27.737362992798953,47.47891082544077,0
1763531997.7081037,Machine-64,28.93125719684592,47.28656214803327,0
1763531998.0121796,raspberrypi,25.07,52.22,1
1763532000.017255,raspberrypi,25.03,52.22,0
1763532000.313188,Machine-64,28.057238396902,45.77651506278527,0
1763532001.3310223,Machine-64,26.60627568513081,42.6204252518963,0
1763532002.022697,raspberrypi,25.07,52.22,1
1763532002.342244,Machine-64,27.649552848199928,43.03739303883906,0
1763532003.3587058,Machine-64,26.88042423613916,43.43105888773623,0
1763532004.0270195,raspberrypi,25.07,52.22,1
1763532004.3720324,Machine-64,29.458011553089165,47.107455162733906,0
1763532005.3832204,Machine-64,27.07655006858417,43.664345844194635,0
1763532006.031383,raspberrypi,25.03,52.22,1
1763532006.402789,Machine-64,26.968376193067062,44.35546314709727,0
1763532007.4229412,Machine-64,28.885353249194736,41.46591604478132,0
1763532008.0352669,raspberrypi,25.1,52.22,1
1763532008.4324687,Machine-64,27.581436546220637,43.012452407457424,0
1763532009.4419131,Machine-64,28.934419656327318,44.79046049158379,0
1763532010.040085,raspberrypi,25.03,52.22,0
1763532010.4575918,Machine-64,28.244531526396727,42.86205943878874,0
1763532011.4694269,Machine-64,27.965493466647004,46.55515378584769,0
1763532012.0441766,raspberrypi,25.03,52.22,1
1763532012.4858615,Machine-64,28.23272445819094,45.051013259981104,0
1763532013.5046356,Machine-64,28.09338391718676,48.284017362510994,0
1763532014.0491166,raspberrypi,25.03,52.22,1
1763532014.5282724,Machine-64,27.476762997027194,44.98568584058307,0
1763532015.5384963,Machine-64,26.601301010769976,42.6882780654868,0
1763532016.0531776,raspberrypi,25.05,52.22,1
1763532016.5839667,Machine-64,29.258093867072937,45.672053180501734,0
1763532017.596039,Machine-64,26.676006911973833,41.682120781721814,0
1763532018.0569575,raspberrypi,25.03,52.22,1
1763532018.603188,Machine-64,27.50335945414534,49.50526220301707,0
1763532019.6164331,Machine-64,27.789069209392736,46.50919680060207,0
1763532020.0614524,raspberrypi,25.05,52.22,1
1763532020.6348326,Machine-64,29.419383657776166,47.95542266179645,0
1763532021.6543102,Machine-64,27.83248589919814,41.0438853314936,0
1763532022.0660064,raspberrypi,25.05,52.22,1
1763532022.6671522,Machine-64,28.351117337678417,49.6450605057952,0
1763532023.682699,Machine-64,27.695986515155912,46.61509697258588,0
1763532024.070479,raspberrypi,25.08,52.22,0
1763532024.6951327,Machine-64,27.836278138627183,47.920451441118146,0
1763532025.717114,Machine-64,28.066100632481884,43.45599101983553,0
1763532026.0745058,raspberrypi,25.05,52.22,0
1763532026.729446,Machine-64,29.284146376681118,44.25538537889435,0
1763532027.7472675,Machine-64,28.70991521875666,42.41478960675993,0
1763532028.0782204,raspberrypi,25.02,52.22,0
1763532028.7598922,Machine-64,28.418686963300516,46.4606268390376,0
1763532029.7718732,Machine-64,28.134381072023,45.90590059373658,0
1763532030.0826004,raspberrypi,25.05,52.22,1
1763532032.0867646,raspberrypi,25.0,52.22,1
1763532034.0910683,raspberrypi,25.02,52.22,1
1763532034.4413548,Machine-64,28.319321604498892,46.07862646723336,0
1763532036.0950668,raspberrypi,25.05,52.22,1
1763532036.4517512,Machine-64,27.053148994569668,47.858105056521026,0
1763532037.464043,Machine-64,28.34919368621002,44.10066753713313,1
1763532038.0987272,raspberrypi,25.05,52.22,1
1763532038.4807022,Machine-64,28.80797491143322,47.690735377234624,0
1763532039.5064054,Machine-64,28.732231107850254,43.21487954127382,0
1763532040.102782,raspberrypi,25.07,52.22,0
1763532040.5247238,Machine-64,28.577539740047843,42.16734133465769,0
1763532041.532043,Machine-64,27.60540090024144,43.59587117570432,0
1763532042.106496,raspberrypi,25.23,52.23,1
1763532042.5586195,Machine-64,28.21345646167984,43.39163724451014,0
1763532043.5765357,Machine-64,28.298869753675543,40.78466743538531,0
1763532044.1105282,raspberrypi,25.05,52.23,0
1763532044.609482,Machine-64,29.421417395318162,45.56700312567093,0
1763532045.6259484,Machine-64,29.2639894940362,40.26837435122532,0
1763532046.115416,raspberrypi,25.05,52.23,1
1763532046.6489484,Machine-64,27.356669940274045,47.418624395913255,0
1763532047.663777,Machine-64,27.852561418143964,45.914880122778314,0
1763532048.1195529,raspberrypi,25.05,52.23,1
1763532048.678517,Machine-64,28.541212756281148,47.77997885269529,0
1763532049.7250702,Machine-64,29.443612187273636,43.6338216346653,0
1763532050.1258888,raspberrypi,25.07,52.23,0
1763532052.129696,raspberrypi,25.05,52.23,1
1763532054.1339312,raspberrypi,25.03,52.23,1
1763532054.5282688,Machine-64,27.17975544837203,41.413518515769574,0
1763532055.5406559,Machine-64,26.737704230449175,47.21121925476062,0
1763532056.1380112,raspberrypi,25.02,52.23,1
1763532056.566321,Machine-64,29.369184030461092,44.45841953628029,0
1763532057.5797405,Machine-64,28.121027106503966,45.25549599075599,0
1763532058.1421416,raspberrypi,25.02,52.23,0
1763532058.5939653,Machine-64,27.842900812005354,40.15337335607106,0
1763532059.6078007,Machine-64,28.27194595695375,43.61280913449931,0
1763532060.145937,raspberrypi,25.1,52.23,0
1763532060.6232731,Machine-64,26.90554822972915,49.90468084798751,0
1763532061.6403139,Machine-64,28.15012065310217,48.596713432585595,0
1763532062.1500545,raspberrypi,25.0,52.23,0
1763532062.6600986,Machine-64,28.063418019168864,46.50931847043327,0
1763532063.6773064,Machine-64,28.643174195502716,40.83243287465845,0
1763532064.154611,raspberrypi,25.03,52.23,0
1763532064.698318,Machine-64,27.757818229034694,40.4857341067638,0
1763532065.7125878,Machine-64,27.13060478815994,48.61175627062532,0
1763532066.1587665,raspberrypi,25.03,52.23,1
1763532066.7304845,Machine-64,29.41330726326849,42.3504585729639,0
1763532067.749154,Machine-64,27.592175715371585,49.84042511384986,0
1763532068.1625154,raspberrypi,25.05,52.23,0
1763532068.7665145,Machine-64,27.049578857187914,40.20612393064269,0
1763532070.166723,raspberrypi,25.02,52.23,0
1763532072.170859,raspberrypi,25.05,52.23,0
1763532073.5920382,Machine-64,27.17019713957558,41.933274546130484,0
1763532074.1750422,raspberrypi,25.05,52.23,0
1763532074.612782,Machine-64,27.804661469589327,47.98870336028124,0
1763532075.6310506,Machine-64,27.552870768841498,44.56430135333146,0
1763532076.1792126,raspberrypi,25.03,52.23,1
1763532076.64818,Machine-64,27.707720107589864,48.15144221857114,0
1763532077.6722114,Machine-64,26.751188835415185,40.40332667964971,1
1763532078.1833766,raspberrypi,25.05,52.23,0
1763532078.693607,Machine-64,28.7029613482074,46.33557247786098,0
1763532079.7095838,Machine-64,27.195404649420585,44.80683890991321,0
1763532080.1874452,raspberrypi,25.0,52.23,0
1763532082.1915123,raspberrypi,25.03,52.23,1
1763532084.1956532,raspberrypi,25.0,52.23,1
1763532084.641767,Machine-64,27.27528896502826,44.540556431718564,0
1763532085.6579418,Machine-64,28.558145017800797,43.427148549500025,0
1763532086.1996503,raspberrypi,25.05,52.23,1
1763532086.6712523,Machine-64,28.97872344563559,42.49003587415702,0
1763532087.6804755,Machine-64,28.047461035465542,48.15739272014429,0
1763532088.2036345,raspberrypi,25.0,52.23,0
1763532088.6946714,Machine-64,28.066883118674976,44.08691101853556,1
1763532089.7147884,Machine-64,26.922300539994325,42.826648278659974,0
1763532090.2079809,raspberrypi,25.0,52.23,1
1763532090.7284253,Machine-64,27.704752427909504,49.446602644899144,0
1763532091.7535255,Machine-64,28.75368882503304,44.60604527159528,0
1763532092.2120528,raspberrypi,25.05,52.23,0
1763532092.7701194,Machine-64,28.1860074410949,42.92631723022288,0
1763532093.7857113,Machine-64,28.640465735688892,47.633928065083275,1
1763532094.2158906,raspberrypi,25.05,52.23,0
1763532094.8035314,Machine-64,27.150235419236722,43.885055602851004,0
1763532095.8155,Machine-64,28.355759449645515,43.706565073852296,0
1763532096.2199614,raspberrypi,25.07,52.23,1
1763532096.8339438,Machine-64,28.163431554410437,43.19166625475148,0
1763532097.849462,Machine-64,29.028578758904473,43.09280156163718,0
1763532098.224551,raspberrypi,25.03,52.23,0
1763532098.8717973,Machine-64,28.47934248829198,46.4946366903003,0
1763532099.8932638,Machine-64,26.910427611322074,48.61506325090224,0
1763532100.2295685,raspberrypi,25.02,52.23,0
1763532100.9122639,Machine-64,27.101623026651353,45.27583324755782,0
1763532101.928807,Machine-64,26.65040544306125,40.181118455133635,0
1763532102.234435,raspberrypi,25.0,52.23,0
1763532102.9405394,Machine-64,28.867227746110444,48.90681528882948,0
1763532103.9541574,Machine-64,28.30878219901677,40.96454172123263,0
1763532104.2388914,raspberrypi,25.02,52.23,1
1763532104.9692247,Machine-64,27.06884643166485,44.29906456252738,0
1763532105.9840806,Machine-64,27.00527409681508,40.46888270507519,0
1763532106.2434933,raspberrypi,25.05,52.23,0
1763532107.0131953,Machine-64,28.042125413027918,43.376783883007406,0
1763532108.023567,Machine-64,26.94666431937474,45.329428624755614,0
1763532108.2475345,raspberrypi,25.05,52.23,0
1763532109.039535,Machine-64,28.15402687783143,42.1763674533199,0
1763532110.0502422,Machine-64,28.884467194242195,49.482976993263776,0
1763532110.2514586,raspberrypi,25.05,52.23,1
1763532111.0838666,Machine-64,28.60839282138363,47.94210957580151,0
1763532112.0962617,Machine-64,28.58790414473832,40.35171951972413,0
1763532112.255507,raspberrypi,25.05,52.23,0
1763532113.1121702,Machine-64,27.807195614595525,48.46249056736181,0
1763532114.1306782,Machine-64,28.164941280818592,46.738396302626974,0
1763532114.2595158,raspberrypi,25.03,52.23,1
1763532115.1502352,Machine-64,28.944403862095157,43.26212948403698,0
1763532116.172503,Machine-64,28.91794824205732,48.309190608267606,0
1763532116.2636955,raspberrypi,25.03,52.23,1
1763532117.1808076,Machine-64,28.367134751867695,41.51638361206209,0
1763532118.2677786,raspberrypi,25.0,52.23,0
1763532119.773212,Machine-64,28.205792904437327,45.24848198466809,0
1763532120.271892,raspberrypi,25.03,52.23,0
1763532120.7881825,Machine-64,27.957431986868983,47.994094668893354,0
1763532121.8100545,Machine-64,29.07728659964768,45.36090464066031,0
1763532122.276145,raspberrypi,25.0,52.23,0
1763532122.8303654,Machine-64,27.541939167469767,46.14983438584084,0
1763532123.8526657,Machine-64,27.750388670556447,40.701720372997,0
1763532124.2805698,raspberrypi,25.0,52.23,0
1763532124.8666432,Machine-64,28.224124776244636,43.790902006880806,0
1763532126.2846286,raspberrypi,25.02,52.23,0
1763532128.289108,raspberrypi,25.02,52.23,0
1763532129.811696,Machine-64,29.292923090226815,42.254657363061526,0
1763532130.2936747,raspberrypi,25.03,52.23,0
1763532132.2979567,raspberrypi,25.02,52.23,0
1763532132.8267126,Machine-64,27.08738677236978,49.470249610250434,0
1763532133.8988583,Machine-64,29.16591611997254,47.08293769748566,0
1763532134.3031714,raspberrypi,25.07,52.23,0
1763532134.9310725,Machine-64,28.66490775063047,44.39737884453602,0
1763532135.950572,Machine-64,26.691676872704665,44.20938102872244,0
1763532136.3080268,raspberrypi,25.03,52.23,0
1763532138.3120623,raspberrypi,25.0,52.23,1
1763532138.852024,Machine-64,27.57865882281227,42.21891911314793,0
1763532139.8687778,Machine-64,27.430383313343654,49.668846215248024,0
1763532140.316068,raspberrypi,25.0,52.23,0
1763532140.8839786,Machine-64,27.136398271015924,49.86703253754599,0
1763532141.90173,Machine-64,29.06609645947023,41.9144921192504,0
1763532142.320821,raspberrypi,25.0,52.23,1
1763532142.9167724,Machine-64,28.71188109115564,44.38934792053234,0
1763532143.9304185,Machine-64,27.7679198453852,44.64626408826351,0
1763532144.324933,raspberrypi,25.03,52.23,1
1763532144.9485233,Machine-64,28.84568318576216,43.12949366984108,0
1763532145.9600258,Machine-64,28.340106491247177,42.96232152941021,0
1763532146.3293376,raspberrypi,25.05,52.23,1
1763532147.0141363,Machine-64,26.570912663107336,49.32161796044632,0
1763532148.0294228,Machine-64,26.994304997197233,47.157430026420975,0
1763532148.333391,raspberrypi,25.0,52.23,1
1763532149.0496426,Machine-64,29.217128798001998,40.31334938335737,0
1763532150.071657,Machine-64,27.37403003869207,45.206457006775906,0
1763532150.3372214,raspberrypi,25.05,52.23,0
1763532151.0960724,Machine-64,27.39275299688732,45.87213492790548,0
1763532152.1168675,Machine-64,26.64062764678043,48.95988246637906,0
1763532152.3416643,raspberrypi,25.02,52.23,0
1763532153.1310394,Machine-64,26.711818128098532,40.51117013788936,0
1763532154.1485877,Machine-64,28.55668802782215,49.69721931323882,0
1763532154.3453472,raspberrypi,25.03,52.23,0
1763532155.1688652,Machine-64,28.971211366636087,45.46786973628786,0
1763532156.1825533,Machine-64,27.677633234197373,43.700628206359845,0
1763532156.3489215,raspberrypi,25.05,52.23,1
1763532157.1996636,Machine-64,29.20843326059399,44.950925387956204,0
1763532158.2316487,Machine-64,29.296049074349945,41.27012467098658,0
1763532158.3526654,raspberrypi,25.03,52.23,1
1763532159.2534132,Machine-64,28.55494094247838,41.409725043505574,0
1763532160.2687075,Machine-64,28.343944799623568,42.65654901685386,0
1763532160.3567355,raspberrypi,25.0,52.23,1
1763532161.2789483,Machine-64,29.239636666345344,44.02051817251555,0
1763532162.296142,Machine-64,26.993082118663217,47.413348645393555,0
1763532162.3614175,raspberrypi,25.03,52.23,1
1763532163.3124318,Machine-64,26.735415014894475,47.938098963995216,0
1763532164.3349292,Machine-64,29.217230113114557,46.55073940443704,0
1763532164.365979,raspberrypi,25.0,52.23,1
1763532165.3542092,Machine-64,27.10871656580285,44.84686236789068,0
1763532166.3712993,raspberrypi,25.02,52.23,1
1763532166.378628,Machine-64,27.098837309594572,47.29995619589044,0
1763532167.4269505,Machine-64,26.742990748186184,43.981702460163866,0
1763532168.375802,raspberrypi,25.07,52.23,0
1763532168.4375796,Machine-64,27.51241682894681,40.50701135367343,0
1763532169.4501019,Machine-64,29.166107146236342,45.87546151014158,0
1763532170.38298,raspberrypi,25.03,52.23,1
1763532170.4594152,Machine-64,27.80896039890758,49.00884153957308,0
1763532171.475795,Machine-64,28.227859219700004,46.22109919761071,0
1763532172.3883011,raspberrypi,25.03,52.23,1
1763532172.489944,Machine-64,29.100419613149967,42.8048023346343,0
1763532173.501471,Machine-64,27.57339329503135,46.96383903225081,0
1763532174.3930776,raspberrypi,25.0,52.23,0
1763532174.513806,Machine-64,28.847161787541435,42.943151304971764,0
1763532175.5286071,Machine-64,29.110230452960067,45.57864653139875,0
1763532176.3969684,raspberrypi,25.05,52.23,1
1763532176.54377,Machine-64,27.30028884401682,40.67857979701624,0
1763532177.5640342,Machine-64,29.365118026981644,46.16080742075819,0
1763532178.4011817,raspberrypi,25.0,52.23,1
1763532178.588441,Machine-64,27.421290577033556,49.274881654129324,0
1763532179.604691,Machine-64,26.615096947567007,44.7875770267625,0
1763532180.405229,raspberrypi,25.02,52.23,0
1763532180.6204994,Machine-64,27.675109620079326,40.42100006457016,0
1763532181.632587,Machine-64,28.764657315634658,44.13355979527839,0
1763532182.409992,raspberrypi,25.05,52.23,1
1763532182.6431787,Machine-64,26.79248413498872,42.02873378524618,0
1763532183.6611114,Machine-64,29.46605371089825,42.255532341459336,0
1763532184.4143264,raspberrypi,25.0,52.23,0
1763532184.6848135,Machine-64,29.291430916619337,42.134022514296,0
1763532185.7040207,Machine-64,26.50121345654908,49.54007841018358,0
1763532186.4198055,raspberrypi,25.03,52.23,0
1763532186.718167,Machine-64,27.051264277896912,49.455248772775704,0
1763532187.7362676,Machine-64,26.777321536095194,46.31151886091731,0
1763532188.423766,raspberrypi,25.03,52.23,1
1763532188.7839115,Machine-64,27.358016684377017,40.20285556675327,0
1763532189.8101213,Machine-64,27.217684112709232,43.69266907464306,0
1763532190.428341,raspberrypi,25.05,52.23,0
1763532190.8312387,Machine-64,28.30574137527317,43.33507695768975,0
1763532191.8470452,Machine-64,27.31974121863534,43.883217987214465,0
1763532192.4325964,raspberrypi,25.0,52.23,0
1763532192.866506,Machine-64,27.556434811846415,49.082186195678176,0
1763532193.8773074,Machine-64,29.183777739873793,44.74313430569989,0
1763532194.4363358,raspberrypi,25.05,52.23,0
1763532194.8872387,Machine-64,26.604983173973753,46.855596568058026,0
1763532195.90549,Machine-64,29.011220763634277,44.24155521501332,0
1763532196.4407613,raspberrypi,25.05,52.23,0
1763532196.933363,Machine-64,27.316902559323847,46.54295973673979,0
1763532198.4448187,raspberrypi,25.0,52.23,0
1763532199.0856194,Machine-64,28.517976747089058,43.26232681747872,0
1763532200.1019819,Machine-64,29.390444507007036,47.00332941440661,0
1763532200.4502802,raspberrypi,25.0,52.23,1
1763532201.1199687,Machine-64,27.45902884916052,49.718704334673035,0
1763532202.1470213,Machine-64,28.825768922944874,47.42276555769597,0
1763532202.4538457,raspberrypi,25.03,52.23,0
1763532203.1608799,Machine-64,29.162589857209817,47.30473520145448,0
1763532204.170311,Machine-64,26.696594487691087,43.472557842084996,0
1763532204.4579167,raspberrypi,25.08,52.23,0
1763532205.177449,Machine-64,27.781455854770382,41.58970828498647,0
1763532206.192175,Machine-64,26.503821419062486,46.0802034989913,0
1763532206.4620178,raspberrypi,25.22,52.23,1
1763532207.2160695,Machine-64,28.892385690105137,42.0316974203292,0
1763532208.2348874,Machine-64,27.44957886921016,49.090360008083636,0
1763532208.4657767,raspberrypi,25.03,52.23,1
1763532209.2550883,Machine-64,28.8497540384118,48.33954811955196,0
1763532210.283872,Machine-64,28.3904519389001,46.01940542352338,0
1763532210.4697905,raspberrypi,25.02,52.23,0
1763532211.3056304,Machine-64,27.438505053397083,49.17433331018582,0
1763532212.3193057,Machine-64,27.408974263807156,41.480873612991424,0
1763532212.4741366,raspberrypi,25.03,52.23,1
1763532213.3424404,Machine-64,26.59987779470297,44.348642089376696,0
1763532214.358383,Machine-64,27.281580922432553,45.812429120189975,0
1763532214.4781253,raspberrypi,25.05,52.23,0
1763532215.3699105,Machine-64,27.183402022137145,46.998618313349716,0
1763532216.3868356,Machine-64,28.19197029975091,43.112649912929555,0
1763532216.4821959,raspberrypi,25.02,52.23,0
1763532217.4074092,Machine-64,29.173167231678967,45.481393280721356,0
1763532218.4221187,Machine-64,26.506629780238974,47.34779516227718,0
1763532218.485834,raspberrypi,25.03,52.23,1
1763532219.445212,Machine-64,28.22156192323655,49.71089928852528,0
1763532220.454955,Machine-64,27.212394568812098,41.491874175210725,0
1763532220.4908092,raspberrypi,25.05,52.23,0
1763532222.175285,Machine-64,27.867124145675472,44.0331938645308,0
1763532222.494575,raspberrypi,25.05,52.23,0
1763532224.4986901,raspberrypi,25.0,52.23,1
1763532225.2109096,Machine-64,27.120111795082,45.80353571421194,0
1763532226.2256444,Machine-64,28.811274638141814,45.73462481582328,0
1763532226.5030675,raspberrypi,25.0,52.23,1
1763532227.2420056,Machine-64,27.902483809115008,44.81749842177497,0
1763532228.2602246,Machine-64,26.975193694617992,43.2702706634289,0
1763532228.507135,raspberrypi,25.03,52.23,1
1763532229.3043609,Machine-64,28.141113456077946,46.67356648566572,0
1763532230.315595,Machine-64,28.546501869608832,43.83526120297451,1
1763532230.5106878,raspberrypi,25.05,52.23,1
1763532231.3281891,Machine-64,29.394952487561362,49.7623820543052,0
1763532232.3517833,Machine-64,28.69779431757422,40.987792035111724,0
1763532232.5150816,raspberrypi,25.03,52.23,0
1763532233.3797255,Machine-64,28.722315347887612,40.14926807777311,0
1763532234.3911514,Machine-64,28.335701474344273,44.17419454790101,0
1763532234.5186408,raspberrypi,25.03,52.23,1
1763532235.4098477,Machine-64,27.99810789187054,47.11096386449248,0
1763532236.427007,Machine-64,29.10922680239922,46.57643667319209,0
1763532236.5227349,raspberrypi,25.03,52.23,1
1763532237.445033,Machine-64,29.358456844397185,48.8377632491815,0
1763532238.457349,Machine-64,26.626688974770936,49.65562926605973,0
1763532238.527293,raspberrypi,25.03,52.23,1
1763532239.5327709,Machine-64,29.350168862345367,43.304950855371075,0
1763532240.5331128,raspberrypi,25.02,52.23,0
1763532240.5496063,Machine-64,28.388649914207924,42.8847049225936,0
1763532241.5907989,Machine-64,26.874817255370527,43.94193201241772,0
1763532242.5370803,raspberrypi,25.03,52.23,1
1763532244.5407956,raspberrypi,25.02,52.23,0
1763532246.2678976,Machine-64,27.2097860875374,48.608163308371275,0
1763532246.5449057,raspberrypi,25.05,52.23,1
1763532248.5490038,raspberrypi,25.02,52.23,0
1763532249.2979329,Machine-64,27.435100266476432,41.27570908508383,0
1763532250.3292332,Machine-64,27.067554148963318,46.44805973710605,0
1763532250.5540104,raspberrypi,25.0,52.23,0
1763532252.5586195,raspberrypi,25.05,52.23,0
1763532253.3042424,Machine-64,27.487389351517532,49.664361130436134,0
1763532254.3399947,Machine-64,28.147829252398157,41.24859338653465,0
1763532254.562233,raspberrypi,25.03,52.23,1
1763532255.3585415,Machine-64,27.744428277839084,42.404151996836816,0
1763532256.3897707,Machine-64,27.652623700738715,44.55897134900137,0
1763532256.56631,raspberrypi,25.03,52.23,0
1763532257.417198,Machine-64,27.477416004322397,44.84993560335515,0
1763532258.4440045,Machine-64,28.62835090115957,49.980271502987094,0
1763532258.5699196,raspberrypi,25.03,52.23,1
1763532259.4543881,Machine-64,29.138718052130137,42.89980454303332,0
1763532260.475019,Machine-64,29.26645707760361,44.47228843269338,0
1763532260.573691,raspberrypi,25.07,52.23,0
1763532261.4888375,Machine-64,29.370038487746548,44.607812821716934,0
1763532262.5179715,Machine-64,28.411718899540823,45.0734239320888,0
1763532262.5785794,raspberrypi,25.0,52.23,0
1763532263.5359669,Machine-64,29.375344504858603,42.405693617514686,0
1763532264.5630014,Machine-64,27.567571357670626,40.24748386822981,0
1763532264.5828972,raspberrypi,25.03,52.23,1
1763532265.5820317,Machine-64,28.860276495525017,46.54933197355478,0
1763532266.5868237,raspberrypi,25.0,52.23,0
1763532266.6068175,Machine-64,28.18360145573098,48.19225857646309,0
1763532267.630653,Machine-64,27.23336432208902,49.074810854749316,1
1763532268.5909176,raspberrypi,25.02,52.23,1
1763532268.666194,Machine-64,28.62851013415853,49.969020533148054,0
1763532269.6832874,Machine-64,28.186733311712427,46.62591237893228,0
1763532270.595384,raspberrypi,25.03,52.23,0
1763532270.7039216,Machine-64,29.427884171094973,49.14849534920769,0
1763532271.729098,Machine-64,27.99746703013299,41.09490196464357,0
1763532272.5997765,raspberrypi,25.0,52.23,0
1763532272.755372,Machine-64,28.297983753780972,49.48186791166843,0
1763532273.7872403,Machine-64,28.874118098688047,46.91258291768976,0
1763532274.6038244,raspberrypi,25.05,52.23,0
1763532274.8043141,Machine-64,29.07102139366327,47.472409811826,0
1763532275.8224473,Machine-64,28.429985102332942,41.27083755345338,0
1763532276.6079824,raspberrypi,25.05,52.23,1
1763532276.9039996,Machine-64,28.467690639049163,45.387143268874055,0
1763532277.908914,Machine-64,27.676471650647834,47.89243062825241,0
1763532278.6121504,raspberrypi,25.02,52.23,1
1763532278.9190698,Machine-64,28.081416948194626,45.65614742515518,0
1763532279.9391205,Machine-64,28.55299025479994,49.58218241124999,0
1763532280.616165,raspberrypi,25.05,52.23,0
1763532280.9507442,Machine-64,27.474665114445376,43.5523900801236,0
1763532281.967232,Machine-64,28.368741396385186,43.49342783179393,0
1763532282.6203053,raspberrypi,25.03,52.23,1
1763532282.9889348,Machine-64,27.412773723297423,47.69865839000193,0
1763532284.011651,Machine-64,29.403023915308246,40.25605825144076,0
1763532284.6244318,raspberrypi,25.03,52.23,0
1763532285.0354102,Machine-64,27.850164067306178,49.0289922996243,0
1763532286.0536137,Machine-64,28.287160072759537,40.49704796313123,0
1763532286.6285403,raspberrypi,25.03,52.23,1
1763532287.0778532,Machine-64,27.870324797410333,43.92831772860506,0
1763532288.0908697,Machine-64,29.045663185400432,40.79203327398032,0
1763532288.632633,raspberrypi,25.05,52.23,0
1763532289.1043048,Machine-64,28.642649065458038,48.63860659217258,0
1763532290.1261408,Machine-64,27.968004141006176,40.10457165293736,0
1763532290.6370356,raspberrypi,25.03,52.23,1
1763532292.4512239,Machine-64,28.537515030360005,48.59499201445855,0
1763532292.6417403,raspberrypi,25.02,52.23,1
1763532293.464391,Machine-64,28.716560687282332,46.12993650500319,0
1763532294.485595,Machine-64,28.826370867210624,43.07498696219229,0
1763532294.6461987,raspberrypi,25.0,52.23,1
1763532295.5053635,Machine-64,27.33487984246169,41.887095512680375,0
1763532296.524546,Machine-64,27.764337387997443,44.12956322177959,0
1763532296.6499548,raspberrypi,25.07,52.23,0
1763532297.536785,Machine-64,27.05003304733437,43.31785235970054,0
1763532298.5674152,Machine-64,27.2868062536503,44.51104157028399,0
1763532298.6541228,raspberrypi,25.03,52.23,0
1763532299.6170201,Machine-64,27.911696508558755,47.93660809926196,0
1763532300.6479137,Machine-64,28.67457093417736,40.45394355767009,0
1763532300.6600003,raspberrypi,25.0,52.23,1
1763532301.6653721,Machine-64,26.887344326712597,40.23044346514568,0
1763532302.6644807,raspberrypi,25.0,52.23,0
1763532302.7080176,Machine-64,26.916771749090795,44.53239477880847,0
1763532303.7083354,Machine-64,27.47413941396935,47.46098046220337,0
1763532304.667844,raspberrypi,25.03,52.23,1
1763532304.719085,Machine-64,27.40406042445689,48.250339957264984,1
1763532305.7396193,Machine-64,28.37113818341942,44.839570974715365,0
1763532306.6723244,raspberrypi,25.05,52.23,1
1763532306.7524705,Machine-64,29.452463668108166,45.82632944238067,0
1763532307.7775178,Machine-64,28.103923999147213,44.90426366327974,0
1763532308.676989,raspberrypi,25.0,52.22,1
1763532308.796959,Machine-64,27.220833947490146,46.522054776389865,0
1763532309.8153949,Machine-64,28.86825481194541,40.49718234889238,0
1763532310.6811156,raspberrypi,25.02,52.22,0
1763532310.8364656,Machine-64,26.53444798469142,44.33707623028853,0
1763532311.8478954,Machine-64,27.917859184638793,40.998450073047586,0
1763532312.6852155,raspberrypi,25.08,52.22,1
1763532312.8555121,Machine-64,29.365899860333947,41.72931304150299,0
1763532313.8684523,Machine-64,26.62172027589669,45.329818881994335,0
1763532314.6894026,raspberrypi,25.03,52.22,1
1763532314.8842402,Machine-64,28.02171750379928,49.90826079622234,0
1763532315.8991034,Machine-64,26.61222415750356,44.254700072042944,0
1763532316.693194,raspberrypi,25.03,52.22,1
1763532316.917699,Machine-64,29.466381871395185,43.57523985010921,0
1763532317.9324179,Machine-64,26.87715274759367,40.5566739965273,0
1763532318.697289,raspberrypi,25.05,52.22,1
1763532318.9444675,Machine-64,28.321572409042805,48.13256028213392,0
1763532319.99634,Machine-64,28.524574704730675,47.142781846304935,0
1763532320.701719,raspberrypi,25.02,52.22,1
1763532320.9805717,Machine-64,28.146553375272646,42.74239025413629,0
1763532321.9957724,Machine-64,27.233497901250807,41.9187864559068,0
1763532322.7054636,raspberrypi,25.0,52.22,1
1763532323.0111916,Machine-64,27.671775160901447,46.61690258422223,0
1763532324.026217,Machine-64,28.777182774556024,40.70199408473846,0
1763532324.7094843,raspberrypi,25.0,52.22,1
1763532325.039976,Machine-64,26.890531601613493,49.33971371744789,0
1763532326.0548358,Machine-64,28.408872475426364,41.53781959145165,0
1763532326.714166,raspberrypi,25.03,52.22,1
1763532327.0670848,Machine-64,27.698350408412395,47.736700187663125,0
1763532328.0923626,Machine-64,27.242445733986738,43.6152872215805,0
1763532328.717965,raspberrypi,25.18,52.23,1
1763532329.116226,Machine-64,28.697960503899537,42.01817028027119,0
1763532330.1318703,Machine-64,27.474826752547603,49.36855160873428,0
1763532330.7220888,raspberrypi,25.03,52.23,0
1763532331.1560373,Machine-64,26.967118586483526,42.024323117426775,0
1763532332.171644,Machine-64,28.943368209013315,43.101891138217674,0
1763532332.7261932,raspberrypi,25.03,52.23,0
1763532333.1939812,Machine-64,26.835484946052674,47.4597534589459,0
1763532334.2150767,Machine-64,29.159884635781435,45.969240967301516,0
1763532334.730179,raspberrypi,25.03,52.23,0
1763532335.2310832,Machine-64,27.400952755815787,42.256127076866846,0
1763532336.246512,Machine-64,27.89401103136619,47.01886921902629,0
1763532336.7341943,raspberrypi,25.05,52.23,0
1763532337.2659612,Machine-64,27.70669670073231,42.32917897508913,0
1763532338.2813416,Machine-64,28.800046635862145,45.20249993926302,0
1763532338.738156,raspberrypi,25.0,52.23,0
1763532339.2936635,Machine-64,29.058401634780566,40.90901852810977,0
1763532340.3076165,Machine-64,28.35760761201248,45.085195993170366,0
1763532340.7425494,raspberrypi,25.05,52.23,0
1763532341.3204865,Machine-64,28.853760460550358,48.70937526123336,0
1763532342.7466044,raspberrypi,25.02,52.23,1
1763532343.66146,Machine-64,28.35864420907188,41.64259787432982,0
1763532344.696047,Machine-64,27.35521580832268,43.93222367001257,0
1763532344.7502668,raspberrypi,25.03,52.23,0
1763532345.7077432,Machine-64,28.953012039866405,41.52805779407822,0
1763532346.7254705,Machine-64,28.229470201914737,48.27900140829641,0
1763532346.7543015,raspberrypi,25.0,52.23,1
1763532347.736917,Machine-64,28.371963074409237,43.3509714639604,0
1763532348.7588832,raspberrypi,25.0,52.23,1
1763532350.7628858,raspberrypi,25.02,52.23,0
1763532352.6829062,Machine-64,27.579449580042766,49.36450227756872,0
1763532352.767247,raspberrypi,25.0,52.23,0
1763532353.6981318,Machine-64,27.95621901774448,41.114931841517354,0
1763532354.7080858,Machine-64,28.82233650252365,49.439020824345405,0
1763532354.772087,raspberrypi,25.08,52.23,0
1763532355.7716832,Machine-64,28.774349203500346,43.09092013381938,0
1763532356.7761738,raspberrypi,25.03,52.23,0
1763532356.7891352,Machine-64,29.254897319710267,42.490359890088826,0
1763532357.800863,Machine-64,29.49336439074556,41.813473188931184,0
1763532358.7813387,raspberrypi,25.0,52.23,1
1763532358.8101833,Machine-64,27.651139540021294,49.62327466718593,0
1763532359.8355305,Machine-64,27.649149277089965,40.1856465471111,0
1763532360.7851088,raspberrypi,25.03,52.23,1
1763532360.8683898,Machine-64,27.241699224405515,45.33095862224708,0
1763532361.8836906,Machine-64,27.501477232107646,43.470469935800864,0
1763532362.7891555,raspberrypi,25.03,52.23,0
1763532362.9071438,Machine-64,27.086697239610213,44.69741169290542,0
1763532363.9195814,Machine-64,28.793776354196698,42.326537129730106,1
1763532364.7934854,raspberrypi,25.05,52.23,0
1763532364.93767,Machine-64,27.314210967815608,47.37859831136596,0
1763532365.9628954,Machine-64,27.911880394373757,46.555514793778755,0
1763532366.7976003,raspberrypi,25.05,52.23,1
1763532366.991447,Machine-64,27.42816080288121,47.840741025034035,0
1763532368.0175526,Machine-64,28.48786370041655,44.507107592096176,0
1763532368.802812,raspberrypi,25.0,52.23,0
1763532369.035497,Machine-64,27.348680798173202,40.29816280337055,0
1763532370.050436,Machine-64,28.649734030667528,42.170656618458686,1
1763532370.8072274,raspberrypi,25.03,52.23,0
1763532371.116572,Machine-64,26.681593875566456,49.67354611902154,0
1763532372.131926,Machine-64,28.01281651533056,49.816365072584304,0
1763532372.810716,raspberrypi,25.03,52.23,0
1763532373.1566281,Machine-64,27.134809335675193,42.6317944853519,0
1763532374.1752234,Machine-64,27.37478070741329,44.433782999401245,1
1763532374.815373,raspberrypi,25.05,52.23,1
1763532375.189728,Machine-64,28.816865502682628,46.2554299940066,0
1763532376.2072468,Machine-64,28.73863933305038,40.16414252977734,0
1763532376.81996,raspberrypi,25.02,52.23,1
1763532377.261408,Machine-64,28.741729327216266,49.814219247070724,0
1763532378.2706115,Machine-64,27.264132939670226,43.53592598140234,0
1763532378.8258843,raspberrypi,25.03,52.23,1
1763532379.2900403,Machine-64,28.190879820645847,46.67281847552584,1
1763532380.3083618,Machine-64,27.711879786160683,47.54221040702294,0
1763532380.8324993,raspberrypi,25.07,52.23,0
1763532381.329993,Machine-64,27.470744604943803,43.86923985340291,0
1763532382.347061,Machine-64,28.855436259024756,49.62595076700724,0
1763532382.836019,raspberrypi,25.03,52.23,0
1763532383.3891976,Machine-64,27.065529441992968,48.92312668682071,0
1763532384.406227,Machine-64,26.76625029350126,49.62312181778766,0
1763532384.840006,raspberrypi,25.03,52.23,1
1763532385.4222772,Machine-64,28.929592009085297,47.623687930130956,0
1763532386.4524198,Machine-64,29.132086089829947,40.87125486587615,0
1763532386.8439884,raspberrypi,25.03,52.23,1
1763532387.4984112,Machine-64,27.90875865354112,43.92527384179971,0
1763532388.5076907,Machine-64,29.36867111179501,49.17931126546967,0
1763532388.8480713,raspberrypi,25.03,52.23,0
1763532389.5237892,Machine-64,29.06238187148756,46.22296284383729,0
1763532390.5388782,Machine-64,26.637820854949787,41.172303808362265,0
1763532390.8520417,raspberrypi,25.0,52.23,0
1763532391.5541828,Machine-64,28.500530564564954,45.94321057767328,0
1763532392.564283,Machine-64,29.136486505388028,42.44846814394078,0
1763532392.8566525,raspberrypi,25.02,52.23,1
1763532393.6299455,Machine-64,28.142140882790954,46.392493389059545,0
1763532394.6528096,Machine-64,26.53250262736947,40.30722126558892,1
1763532394.8608131,raspberrypi,25.0,52.23,1
1763532395.6792443,Machine-64,27.332736845518927,44.12057121524161,0
1763532396.691453,Machine-64,27.92727822449041,47.14576065787088,0
1763532396.8667126,raspberrypi,25.03,52.23,1
1763532397.711673,Machine-64,27.526030650420434,41.02415583236718,0
1763532398.7358067,Machine-64,29.391171727856943,41.62323847090944,0
1763532398.8709993,raspberrypi,25.05,52.23,1
1763532399.748067,Machine-64,28.293656421809946,47.82891299877078,0
1763532400.76109,Machine-64,27.611277383110195,47.74274809468203,0
1763532400.8756554,raspberrypi,25.0,52.23,1
1763532401.78544,Machine-64,28.58682876542937,42.839439747497615,0
1763532402.831419,Machine-64,29.456354485181357,44.00584865426395,0
1763532402.8810298,raspberrypi,25.0,52.23,0
1763532403.833782,Machine-64,26.548482465744218,45.07126047941765,0
1763532404.8874192,raspberrypi,25.0,52.23,1
1763532404.8946433,Machine-64,28.231438852612712,40.76924672131015,0
1763532405.90444,Machine-64,27.830923806846602,49.46795165610979,0
1763532406.8918743,raspberrypi,25.0,52.23,1
1763532406.915255,Machine-64,28.407040876405986,41.05530721093626,0
1763532407.9316564,Machine-64,28.653720546720375,40.421793613727466,0
1763532408.8967273,raspberrypi,25.05,52.23,1
1763532408.9455144,Machine-64,27.61990311862727,46.760656100707024,1
1763532409.968493,Machine-64,26.809239308837746,42.878776579192625,0
1763532410.90105,raspberrypi,25.0,52.23,1
1763532410.989365,Machine-64,26.91254339902849,44.43425181512625,0
1763532412.0076675,Machine-64,29.307076056327187,49.84899750992091,0
1763532412.9048228,raspberrypi,25.0,52.23,0
1763532413.0228887,Machine-64,26.534812815670122,41.961579252016925,0
1763532414.0690508,Machine-64,27.832237323837322,44.238531609426886,0
1763532414.9096498,raspberrypi,25.0,52.23,1
1763532415.1154242,Machine-64,26.844990132095454,40.43817383689183,0
1763532416.1219325,Machine-64,28.467140331688736,47.045296269076516,0
1763532416.9140933,raspberrypi,25.05,52.23,1
1763532417.1399667,Machine-64,28.230918352311104,46.05230863592104,0
1763532418.9179084,raspberrypi,25.0,52.23,1
1763532420.9220934,raspberrypi,25.05,52.23,1
1763532422.9265685,raspberrypi,25.0,52.23,0
1763532424.930798,raspberrypi,25.02,52.23,1
1763532426.9352596,raspberrypi,25.02,52.23,1
1763532428.9405437,raspberrypi,25.0,52.23,0
1763532430.9465156,raspberrypi,25.02,52.23,0
1763532432.9509265,raspberrypi,25.0,52.23,1
1763532434.95512,raspberrypi,25.0,52.23,1
1763532436.9589248,raspberrypi,25.02,52.23,0
1763532438.9629526,raspberrypi,25.0,52.23,0
1763532440.9669285,raspberrypi,25.0,52.23,0
1763532442.9714158,raspberrypi,25.02,52.23,0
1763532444.9754102,raspberrypi,25.0,52.23,1
1763532446.9804726,raspberrypi,25.0,52.23,1
1763532448.9847703,raspberrypi,25.0,52.23,0
1763532450.9897108,raspberrypi,25.02,52.23,0
1763532452.9946735,raspberrypi,25.0,52.23,0
1763532455.0003915,raspberrypi,25.03,52.23,1
1763532457.0055556,raspberrypi,25.02,52.23,1
1763532459.0096498,raspberrypi,25.05,52.23,0
1763532461.0187216,raspberrypi,25.03,52.23,0
1763532463.0234783,raspberrypi,25.02,52.23,0
1763532465.027712,raspberrypi,25.02,52.23,1
1763532467.0334663,raspberrypi,25.02,52.23,1
1763532469.0386837,raspberrypi,25.05,52.23,0
1763532471.043454,raspberrypi,25.02,52.23,0
1763532473.0485947,raspberrypi,25.0,52.23,1
1763532475.053633,raspberrypi,25.0,52.23,0
1763532477.0575757,raspberrypi,25.03,52.23,0
1763532479.0620744,raspberrypi,25.0,52.23,0
1763532481.065898,raspberrypi,25.0,52.23,1
1763532483.0703437,raspberrypi,25.02,52.23,1
1763532485.0747979,raspberrypi,25.02,52.23,1
1763532487.0789495,raspberrypi,25.02,52.23,1
1763532489.0830257,raspberrypi,25.03,52.23,1
1763532491.088809,raspberrypi,25.03,52.23,0
1763532493.0929718,raspberrypi,25.05,52.23,0
1763532495.0971234,raspberrypi,25.0,52.23,0
1763532497.1030605,raspberrypi,25.02,52.23,1
1763532499.1075687,raspberrypi,25.0,52.23,1
1763532501.1127737,raspberrypi,25.0,52.23,0
1763532503.1187584,raspberrypi,25.0,52.23,0
1763532505.1250846,raspberrypi,25.0,52.23,1
1763532507.1289618,raspberrypi,25.02,52.23,0
1763532509.133138,raspberrypi,25.05,52.23,0
1763532511.1374438,raspberrypi,25.05,52.23,1
1763532513.1430101,raspberrypi,25.0,52.23,1
1763532515.1471932,raspberrypi,25.03,52.23,1
1763532517.1509788,raspberrypi,25.02,52.23,1
1763532519.1554384,raspberrypi,25.03,52.23,0
1763532521.159633,raspberrypi,25.02,52.23,1
1763532523.164756,raspberrypi,25.05,52.23,0
1763532525.168983,raspberrypi,25.02,52.23,1
1763532527.1729574,raspberrypi,25.05,52.23,1
1763532529.178202,raspberrypi,25.0,52.23,1
1763532531.18244,raspberrypi,25.05,52.23,1
1763532533.18724,raspberrypi,25.02,52.23,1
1763532535.191295,raspberrypi,25.05,52.23,1
1763532537.1955824,raspberrypi,25.05,52.23,1
1763532539.1997938,raspberrypi,25.02,52.23,1
1763532541.204005,raspberrypi,25.0,52.23,1
1763532543.2079139,raspberrypi,25.02,52.23,0
1763532545.213148,raspberrypi,25.02,52.23,1
1763532547.217363,raspberrypi,25.05,52.23,0
1763532549.221946,raspberrypi,25.0,52.23,1
1763532551.2261915,raspberrypi,25.02,52.23,0
1763532553.232598,raspberrypi,25.0,52.23,0
1763532555.234593,raspberrypi,25.02,52.23,0
1763532557.2386708,raspberrypi,25.1,52.23,1
1763532559.2435768,raspberrypi,25.07,52.23,1
1763532561.2480557,raspberrypi,25.07,52.23,1
1763532563.251015,raspberrypi,27.6,52.43,1
1763532565.252981,raspberrypi,25.0,52.42,0
1763532567.2550318,raspberrypi,25.0,52.44,0
1763532569.2591748,raspberrypi,25.05,52.43,0
1763532571.264869,raspberrypi,25.5,52.45,1
1763532573.268197,raspberrypi,25.28,52.45,1
1763532575.2715733,raspberrypi,25.12,52.47,1
1763532577.274066,raspberrypi,25.27,52.49,0
1763532579.275914,raspberrypi,25.33,52.23,1
1763532581.277961,raspberrypi,25.0,52.23,1
1763532583.2823393,raspberrypi,25.0,52.22,0
1763532585.2865465,raspberrypi,25.12,52.22,0
1763532587.289979,raspberrypi,25.05,52.22,1
1763532589.2945232,raspberrypi,25.02,52.22,0
1763532591.2987537,raspberrypi,25.05,52.22,0
1763532593.3021421,raspberrypi,25.05,52.22,1
1763532595.3068542,raspberrypi,25.02,52.22,1
1763532597.3108394,raspberrypi,25.0,52.22,0
1763532599.3151686,raspberrypi,25.03,52.22,0
1763532601.3205855,raspberrypi,25.05,52.22,0
1763532603.3249743,raspberrypi,25.03,52.22,1
1763532605.3286667,raspberrypi,25.05,52.22,0
1763532607.333135,raspberrypi,25.03,52.22,0
1763532609.337276,raspberrypi,25.03,52.22,0
1763532611.3411233,raspberrypi,25.05,52.22,0
1763532613.3452325,raspberrypi,25.0,52.22,1
1763532615.3494546,raspberrypi,25.02,52.22,1
1763532617.3538587,raspberrypi,25.03,52.22,0
1763532619.3577034,raspberrypi,25.02,52.22,0
1763532621.3622024,raspberrypi,25.03,52.22,1
1763532623.366387,raspberrypi,25.05,52.22,0
1763532625.3701873,raspberrypi,25.03,52.22,0
1763532627.3748696,raspberrypi,25.05,52.22,0
1763532629.37893,raspberrypi,25.02,52.22,1
1763532631.3830607,raspberrypi,25.02,52.22,0
1763532633.3871539,raspberrypi,25.03,52.22,0
1763532635.3918958,raspberrypi,25.05,52.22,0
1763532637.3966434,raspberrypi,25.05,52.22,0
1763532639.4017382,raspberrypi,25.03,52.22,1
1763532641.4066248,raspberrypi,25.02,52.22,1
1763532643.4115038,raspberrypi,25.0,52.22,1
1763532645.4158137,raspberrypi,25.05,52.22,0
1763532647.4200287,raspberrypi,25.03,52.22,0
1763532649.4240465,raspberrypi,25.0,52.22,1
1763532651.4289737,raspberrypi,25.03,52.22,1
1763532653.433504,raspberrypi,25.02,52.22,1
1763532655.4372203,raspberrypi,25.0,52.22,0
1763532657.4433718,raspberrypi,25.03,52.22,1
1763532659.4475822,raspberrypi,25.02,52.22,1
1763532661.4520528,raspberrypi,25.0,52.22,1
1763532663.455834,raspberrypi,25.0,52.22,1
1763532665.460118,raspberrypi,25.03,52.22,1
1763532667.4644241,raspberrypi,25.0,52.22,1
1763532669.4689705,raspberrypi,25.02,52.22,1
1763532671.4732144,raspberrypi,25.05,52.22,1
1763532673.4769855,raspberrypi,25.0,52.22,0
1763532675.4811735,raspberrypi,25.0,52.22,1
1763532677.48528,raspberrypi,25.05,52.22,0
1763532679.4903767,raspberrypi,25.02,52.22,0
1763532681.495235,raspberrypi,25.07,52.22,0
1763532683.500057,raspberrypi,25.15,52.22,0
1763532685.5040407,raspberrypi,25.02,52.22,0
1763532687.5075965,raspberrypi,25.18,52.22,0
1763532689.5120082,raspberrypi,25.0,52.22,1
1763532691.5165098,raspberrypi,25.08,52.22,0
1763532693.5207727,raspberrypi,25.0,52.22,0
1763532695.5246277,raspberrypi,25.15,52.22,1
1763532697.5292163,raspberrypi,25.0,52.22,0
1763532699.5343013,raspberrypi,25.02,52.22,0
1763532701.5385053,raspberrypi,25.03,52.22,0
1763532703.5438557,raspberrypi,25.05,52.22,1
1763532705.5491242,raspberrypi,25.0,52.22,0
1763532707.5542564,raspberrypi,25.02,52.22,0
1763532709.5584483,raspberrypi,25.03,52.22,0
1763532711.5626886,raspberrypi,25.0,52.22,1
1763532713.5667999,raspberrypi,25.02,52.22,0
1763532715.5709825,raspberrypi,25.0,52.22,1
1763532717.575101,raspberrypi,25.0,52.22,0
1763532719.5800745,raspberrypi,25.0,52.22,0
1763532721.5842078,raspberrypi,25.0,52.22,1
1763532723.5884025,raspberrypi,25.0,52.22,0
1763532725.592596,raspberrypi,25.02,52.22,1
1763532727.5971875,raspberrypi,25.0,52.22,0
1763532729.601011,raspberrypi,25.0,52.22,0
1763532731.6051579,raspberrypi,25.0,52.22,1
1763532733.6096942,raspberrypi,25.02,52.22,0
1763532735.6149783,raspberrypi,25.02,52.22,0
1763532737.6200843,raspberrypi,25.03,52.22,0
1763532739.623966,raspberrypi,25.02,52.22,0
1763532741.6284733,raspberrypi,25.02,52.22,0
1763532743.6326804,raspberrypi,25.0,52.22,0
1763532745.6379778,raspberrypi,25.02,52.22,1
1763532747.6420708,raspberrypi,25.02,52.22,1
1763532749.6464548,raspberrypi,25.02,52.22,0
1763532751.6508243,raspberrypi,25.02,52.22,1
1763532753.655053,raspberrypi,25.02,52.22,0
1763532755.659113,raspberrypi,25.0,52.22,1
1763532757.6632056,raspberrypi,25.0,52.22,1
1763532759.6680434,raspberrypi,25.02,52.22,1
1763532761.6721647,raspberrypi,25.02,52.22,1
1763532763.6773067,raspberrypi,25.0,52.22,1
1763532765.6816375,raspberrypi,25.03,52.22,0
1763532767.6855316,raspberrypi,25.02,52.22,0
1763532769.6912022,raspberrypi,25.0,52.22,1
1763532771.6956522,raspberrypi,25.0,52.22,1
1763532773.7001252,raspberrypi,25.02,52.22,1
1763532775.704391,raspberrypi,25.02,52.22,1
1763532777.7084458,raspberrypi,25.0,52.22,0
1763532779.7136486,raspberrypi,25.0,52.22,0
1763532781.7178512,raspberrypi,25.03,52.22,1
1763532783.7223752,raspberrypi,25.02,52.22,0
1763532785.7259495,raspberrypi,25.0,52.22,0
1763532787.731649,raspberrypi,25.02,52.22,1
1763532789.7358398,raspberrypi,25.0,52.22,0
1763532791.7399938,raspberrypi,25.02,52.22,1
1763532793.744576,raspberrypi,25.0,52.22,0
1763532795.7497144,raspberrypi,25.0,52.22,1
1763532797.7544591,raspberrypi,25.02,52.22,1
1763532799.7592292,raspberrypi,25.03,52.22,1
1763532801.7630858,raspberrypi,25.03,52.22,1
1763532803.7676194,raspberrypi,25.02,52.22,1
1763532805.7720554,raspberrypi,25.02,52.22,0
1763532807.7761931,raspberrypi,25.02,52.22,0
1763532809.780492,raspberrypi,25.0,52.22,1
1763532811.78498,raspberrypi,25.0,52.22,0
1763532813.7891848,raspberrypi,25.0,52.22,1
1763532815.792987,raspberrypi,25.03,52.22,1
1763532817.7970927,raspberrypi,25.0,52.22,1
1763532819.801895,raspberrypi,25.0,52.22,0
1763532821.8070698,raspberrypi,25.02,52.22,1
1763532823.8119235,raspberrypi,25.0,52.22,1
1763532825.8160458,raspberrypi,25.0,52.22,1
1763532827.8200586,raspberrypi,25.03,52.22,0
1763532829.8241193,raspberrypi,25.0,52.22,0
1763532831.8288326,raspberrypi,25.0,52.22,1
1763532833.8326392,raspberrypi,25.02,52.22,0
1763532835.836736,raspberrypi,25.0,52.22,0
1763532837.8408499,raspberrypi,25.0,52.22,1
1763532839.845365,raspberrypi,25.0,52.22,0
1763532841.8492653,raspberrypi,25.03,52.22,0
1763532843.8535414,raspberrypi,25.0,52.22,0
1763532845.8586729,raspberrypi,25.0,52.22,1
1763532847.8635237,raspberrypi,25.0,52.22,0
1763532849.8679302,raspberrypi,25.02,52.22,0
1763532851.872062,raspberrypi,25.0,52.22,1
1763532853.8758717,raspberrypi,25.0,52.22,1
1763532855.8804684,raspberrypi,25.0,52.22,1
1763532857.8843167,raspberrypi,25.0,52.22,0
1763532859.8885057,raspberrypi,25.02,52.22,0
1763532861.8930924,raspberrypi,25.05,52.22,1
1763532863.8972752,raspberrypi,25.13,52.22,0
1763532865.9009626,raspberrypi,25.23,52.22,0
1763532867.9051142,raspberrypi,25.05,52.22,1
1763532869.909626,raspberrypi,25.03,52.22,0
1763532871.9139502,raspberrypi,25.0,52.22,1
1763532873.9191647,raspberrypi,25.0,52.22,1
1763532875.9232213,raspberrypi,25.05,52.22,1
1763532877.9279196,raspberrypi,25.02,52.22,0
1763532879.9321725,raspberrypi,25.0,52.22,1
1763532881.9367874,raspberrypi,25.02,52.22,1
1763532883.9413474,raspberrypi,25.03,52.22,0
1763532885.9464154,raspberrypi,25.0,52.22,0
1763532887.9508896,raspberrypi,25.02,52.22,1
1763532889.9556358,raspberrypi,25.0,52.22,0
1763532891.9600234,raspberrypi,25.0,52.22,1
1763532893.96403,raspberrypi,25.0,52.22,1
1763532895.9677937,raspberrypi,25.0,52.22,1
1763532897.9720213,raspberrypi,25.03,52.22,1
1763532899.976191,raspberrypi,25.03,52.22,1
1763532901.9808035,raspberrypi,25.0,52.22,1
1763532903.999536,raspberrypi,25.02,52.22,0
1763532906.003597,raspberrypi,25.05,52.22,1
1763532908.008621,raspberrypi,25.0,52.22,0
1763532910.0128725,raspberrypi,25.03,52.22,1
1763532912.0174682,raspberrypi,25.03,52.22,0
1763532914.022478,raspberrypi,25.0,52.22,0
1763532916.0272884,raspberrypi,25.0,52.22,1
1763532918.0311873,raspberrypi,25.03,52.22,0
1763532920.0361593,raspberrypi,25.02,52.22,0
1763532922.0407238,raspberrypi,25.0,52.22,1
1763532924.0444305,raspberrypi,25.03,52.22,0
1763532926.048832,raspberrypi,25.0,52.22,1
1763532928.0536208,raspberrypi,25.0,52.22,0
1763532930.0587382,raspberrypi,25.0,52.22,1
1763532932.0629244,raspberrypi,25.0,52.22,0
1763532934.069798,raspberrypi,25.0,52.22,1
1763532936.0747313,raspberrypi,25.02,52.22,0
1763532938.0789475,raspberrypi,25.0,52.22,0
1763532940.083647,raspberrypi,25.03,52.22,1
1763532942.087707,raspberrypi,25.0,52.22,1
1763532944.092853,raspberrypi,25.0,52.22,1
1763532946.097297,raspberrypi,25.0,52.22,0
1763532948.1015856,raspberrypi,25.0,52.22,0
1763532950.1057782,raspberrypi,25.0,52.22,0
1763532952.10959,raspberrypi,25.0,52.22,1
1763532954.115432,raspberrypi,25.0,52.22,0
1763532956.122139,raspberrypi,25.03,52.22,0
1763532958.1280339,raspberrypi,25.03,52.22,1
1763532960.13209,raspberrypi,25.02,52.22,1
1763532962.136935,raspberrypi,25.0,52.22,1
1763532964.1420302,raspberrypi,25.0,52.22,0
1763532966.1462994,raspberrypi,25.02,52.22,0
1763532968.1509848,raspberrypi,25.0,52.22,1
1763532970.1565764,raspberrypi,25.0,52.22,0
1763532972.1602528,raspberrypi,25.03,52.22,1
1763532974.1645885,raspberrypi,25.02,52.22,1
1763532976.1687298,raspberrypi,25.0,52.22,1
1763532978.1732876,raspberrypi,25.02,52.22,0
1763532980.177805,raspberrypi,25.0,52.22,1
1763532982.1829023,raspberrypi,25.02,52.22,1
1763532984.1875842,raspberrypi,25.02,52.22,0
1763532986.191979,raspberrypi,25.02,52.22,0
1763532988.1962655,raspberrypi,25.0,52.22,1
1763532990.2001286,raspberrypi,25.0,52.22,0
1763532992.2042036,raspberrypi,25.0,52.22,0
1763532994.2087376,raspberrypi,25.0,52.22,1
1763532996.2129073,raspberrypi,25.02,52.22,1
1763532998.2166967,raspberrypi,25.02,52.22,0
1763533000.2227166,raspberrypi,25.0,52.22,0
1763533002.2268715,raspberrypi,25.03,52.22,0
1763533004.2307346,raspberrypi,25.0,52.22,0
1763533006.2350488,raspberrypi,25.02,52.22,0
1763533008.2394757,raspberrypi,25.02,52.22,0
1763533010.2435064,raspberrypi,25.0,52.22,0
1763533012.2479742,raspberrypi,25.0,52.22,0
1763533014.2520103,raspberrypi,25.0,52.22,1
1763533016.2557726,raspberrypi,25.0,52.22,1
1763533018.260051,raspberrypi,25.03,52.22,0
1763533020.2642353,raspberrypi,25.0,52.22,1
1763533022.268774,raspberrypi,25.0,52.22,1
1763533024.2724588,raspberrypi,25.0,52.22,1
1763533026.2768257,raspberrypi,25.0,52.22,0
1763533028.281076,raspberrypi,25.02,52.22,1
1763533030.2855632,raspberrypi,25.02,52.22,0
1763533032.2897196,raspberrypi,25.0,52.22,0
1763533034.2939425,raspberrypi,25.02,52.22,1
1763533036.2981372,raspberrypi,25.02,52.22,1
1763533038.3032112,raspberrypi,25.02,52.22,1
1763533040.307493,raspberrypi,25.05,52.22,0
1763533042.3119507,raspberrypi,25.02,52.21,1
1763533044.3161767,raspberrypi,25.02,52.21,1
1763533046.3207552,raspberrypi,25.0,52.21,1
1763533048.3252363,raspberrypi,25.02,52.21,1
1763533050.3296704,raspberrypi,25.0,52.22,0
1763533052.3338032,raspberrypi,25.02,52.22,1
1763533054.3385675,raspberrypi,25.05,52.22,0
1763533056.3427193,raspberrypi,25.0,52.22,0
1763533058.3477767,raspberrypi,25.03,52.22,1
1763533060.3522055,raspberrypi,25.05,52.22,1
1763533062.3566878,raspberrypi,25.02,52.22,0
1763533064.3603165,raspberrypi,25.02,52.22,1
1763533066.3653321,raspberrypi,25.0,52.22,1
1763533068.3697224,raspberrypi,25.0,52.22,0
1763533070.3742547,raspberrypi,25.02,52.22,0
1763533072.3787704,raspberrypi,25.0,52.22,0
1763533074.3831754,raspberrypi,25.05,52.22,0
1763533076.3876798,raspberrypi,25.13,52.22,0
1763533078.392585,raspberrypi,25.03,52.22,1
1763533080.3966653,raspberrypi,25.0,52.22,1
1763533082.4008558,raspberrypi,25.0,52.22,0
1763533084.405404,raspberrypi,25.05,52.22,0
1763533086.4096189,raspberrypi,25.02,52.22,1
1763533088.4119763,raspberrypi,25.22,52.24,1
1763533090.4139194,raspberrypi,26.66,52.36,0
1763533092.415943,raspberrypi,25.25,52.38,0
1763533094.4204745,raspberrypi,25.4,52.26,1
1763533096.424932,raspberrypi,25.05,52.27,1
1763533098.4300058,raspberrypi,25.05,52.27,1
1763533100.4342287,raspberrypi,25.03,52.26,1
1763533102.4373639,raspberrypi,25.18,52.26,1
1763533104.4420307,raspberrypi,25.02,52.25,1
1763533106.445861,raspberrypi,25.03,52.24,0
1763533108.4510405,raspberrypi,25.13,52.24,0
1763533110.455678,raspberrypi,25.05,52.24,0
1763533112.4598475,raspberrypi,25.07,52.23,0
1763533114.4650586,raspberrypi,25.05,52.23,1
1763533116.469125,raspberrypi,25.25,52.23,0
1763533118.473125,raspberrypi,25.17,52.23,1
1763533120.4772758,raspberrypi,25.28,52.23,1
1763533122.4815898,raspberrypi,25.3,52.23,0
1763533124.4863813,raspberrypi,25.38,52.23,1
1763533126.4893486,raspberrypi,25.45,52.23,0
1763533128.494455,raspberrypi,25.6,52.23,0
1763533130.498696,raspberrypi,25.0,52.23,1
1763533132.503391,raspberrypi,25.02,52.23,1
1763533134.508687,raspberrypi,25.0,52.23,0
1763533136.512879,raspberrypi,25.05,52.23,1
1763533138.51665,raspberrypi,25.03,52.23,1
1763533140.5217216,raspberrypi,25.0,52.23,0
1763533142.5257657,raspberrypi,25.05,52.23,1
1763533144.5298424,raspberrypi,25.05,52.23,0
1763533146.5343854,raspberrypi,25.02,52.23,1
1763533148.5381894,raspberrypi,25.03,52.23,0
1763533150.543251,raspberrypi,25.02,52.23,1
1763533152.5477512,raspberrypi,25.02,52.23,1
1763533154.5523891,raspberrypi,25.05,52.23,0
1763533156.5560443,raspberrypi,25.02,52.23,1
1763533158.5597758,raspberrypi,25.05,52.23,0
1763533160.564052,raspberrypi,25.03,52.23,1
1763533162.5684323,raspberrypi,25.02,52.23,0
1763533164.5726416,raspberrypi,25.03,52.23,0
1763533166.576816,raspberrypi,25.0,52.23,1
1763533168.5818732,raspberrypi,25.15,52.23,1
1763533170.5861502,raspberrypi,25.03,52.23,0
1763533172.5901217,raspberrypi,25.28,52.23,1
1763533174.5951517,raspberrypi,25.05,52.23,0
1763533176.5989683,raspberrypi,25.05,52.23,0
1763533178.6040797,raspberrypi,25.05,52.23,0
1763533180.6082716,raspberrypi,25.05,52.23,1
1763533182.61225,raspberrypi,25.03,52.23,1
1763533184.617785,raspberrypi,25.05,52.23,1
1763533186.6218662,raspberrypi,25.07,52.23,1
1763533188.62608,raspberrypi,25.02,52.23,0
1763533190.6301546,raspberrypi,25.0,52.23,0
1763533192.6353953,raspberrypi,25.0,52.23,0
1763533194.6400597,raspberrypi,25.03,52.23,1
1763533196.6446328,raspberrypi,25.0,52.23,1
1763533198.6498172,raspberrypi,25.0,52.23,0
1763533200.654654,raspberrypi,25.0,52.23,1
1763533202.6585972,raspberrypi,25.05,52.23,0
1763533204.6641011,raspberrypi,25.05,52.23,0
1763533206.6682854,raspberrypi,25.0,52.23,1
1763533208.67204,raspberrypi,25.05,52.23,1
1763533210.676235,raspberrypi,25.02,52.23,1
1763533212.681282,raspberrypi,25.05,52.23,0
1763533214.6856155,raspberrypi,25.15,52.23,0
1763533216.6899917,raspberrypi,25.02,52.23,0
1763533218.6939447,raspberrypi,25.03,52.23,0
1763533220.6978009,raspberrypi,25.02,52.23,1
1763533222.7029064,raspberrypi,25.03,52.23,1
1763533224.7072468,raspberrypi,25.02,52.23,0
1763533226.7130673,raspberrypi,25.02,52.23,1
1763533228.7181447,raspberrypi,25.02,52.23,0
1763533230.7222092,raspberrypi,25.02,52.23,0
1763533232.72722,raspberrypi,25.0,52.23,1
1763533234.7316647,raspberrypi,25.05,52.23,1
1763533236.7366073,raspberrypi,25.05,52.23,0
1763533238.7406952,raspberrypi,25.02,52.23,0
1763533240.7448738,raspberrypi,25.03,52.23,0
1763533242.7490287,raspberrypi,25.0,52.23,0
1763533244.753676,raspberrypi,25.03,52.23,1
1763533246.758237,raspberrypi,25.02,52.23,1
1763533248.7631032,raspberrypi,25.02,52.23,1
1763533250.7679682,raspberrypi,25.02,52.23,0
1763533252.772779,raspberrypi,25.0,52.23,1
1763533254.776649,raspberrypi,25.0,52.23,1
1763533256.781753,raspberrypi,25.02,52.23,1
1763533258.7854118,raspberrypi,25.05,52.23,0
1763533260.7898638,raspberrypi,25.05,52.23,0
1763533262.794059,raspberrypi,25.05,52.23,0
1763533264.7984912,raspberrypi,25.02,52.23,1
1763533266.8026955,raspberrypi,25.02,52.23,0
1763533268.806484,raspberrypi,25.0,52.23,1
1763533270.8109167,raspberrypi,25.02,52.23,1
1763533272.8151195,raspberrypi,25.05,52.23,1
1763533274.8197498,raspberrypi,25.0,52.23,1
1763533276.824112,raspberrypi,25.05,52.23,1
1763533278.8285184,raspberrypi,25.03,52.23,0
1763533280.8327844,raspberrypi,25.02,52.23,1
1763533282.8365858,raspberrypi,25.0,52.23,0
1763533284.8423052,raspberrypi,25.0,52.23,1
1763533286.846647,raspberrypi,25.02,52.23,0
1763533288.8511198,raspberrypi,25.02,52.23,0
1763533342.617337,raspberrypi,25.03,52.71,1
1763533344.619594,raspberrypi,25.0,52.71,1
1763533346.6234179,raspberrypi,25.02,52.7,0
1763533348.6274943,raspberrypi,25.05,52.7,1
1763533358.4024718,Fake-Machine-X,77.63937903278728,88.67819869254815,0
1763533368.4184802,Fake-Machine-X,-1.8556185894383894,2.733251074300107,1
1763533375.2421477,Machine-64,29.465307790607763,44.47291180873876,0
1763533376.2560072,Machine-64,29.320424626524975,49.31428355011103,0
1763533377.3175411,Machine-64,29.024633278224474,44.04821093463574,0
1763533378.3399343,Machine-64,28.123977888079338,48.42075899255421,0
1763533378.4252026,Fake-Machine-X,117.63542503167261,98.33180835416303,0
1763533379.357733,Machine-64,28.887116071818134,43.08377454103058,0
1763533380.3661678,Machine-64,28.311244193781857,42.442248371520506,0
1763533381.3798068,Machine-64,28.15180986217357,48.42851698996098,1
1763533382.4389892,Machine-64,27.22161330420827,40.317812184762175,0
1763533383.4565089,Machine-64,27.78679666889328,43.78684441608258,0
1763533384.4854236,Machine-64,27.73744174560482,47.823401185112616,0
1763533385.4956045,Machine-64,27.26757411556584,45.70879698095643,0
1763533386.3243725,raspberrypi,25.08,52.68,0
1763533386.5079916,Machine-64,26.823686157372762,45.19018422852706,0
1763533387.5261414,Machine-64,28.089635892038196,44.84787112691352,0
1763533388.3267117,raspberrypi,25.07,52.69,1
1763533388.4355106,Fake-Machine-X,64.45475456226679,97.85770017118907,1
1763533388.53661,Machine-64,27.911779016939565,42.37198355210916,0
1763533389.550514,Machine-64,28.722964771491874,48.05650668638051,0
1763533390.330701,raspberrypi,25.05,52.69,0
1763533390.5762067,Machine-64,27.09056452698167,47.86085242064774,0
1763533391.5944977,Machine-64,28.675831250804578,47.56846986187309,0
1763533392.335404,raspberrypi,25.15,52.69,0
1763533392.6416645,Machine-64,26.692516772403692,43.43968170588482,0
1763533393.6560762,Machine-64,28.612236135544936,48.88155131986896,0
1763533394.3396173,raspberrypi,25.17,52.69,1
1763533394.6740127,Machine-64,26.939758433846052,42.236763997231776,0
1763533395.691745,Machine-64,28.63242136082296,40.93575082158104,1
1763533396.3441813,raspberrypi,25.2,52.69,1
1763533396.7070458,Machine-64,28.579767537926124,43.06358903781735,0
1763533397.723096,Machine-64,28.308545529486615,48.852479946612775,0
1763533398.3482347,raspberrypi,25.17,52.69,1
1763533398.4423149,Fake-Machine-X,84.08627572628369,86.64360289153944,1
1763533398.741875,Machine-64,27.178325054832744,48.89421185724484,0
1763533399.7551725,Machine-64,27.829047670954775,44.98288452222468,0
1763533400.3502192,raspberrypi,25.05,52.69,1
1763533400.7754307,Machine-64,27.583721362176483,48.19687949435087,0
1763533401.7954507,Machine-64,26.986721741733643,40.79742582356989,0
1763533402.35256,raspberrypi,25.05,52.69,0
1763533402.8064892,Machine-64,27.138876915095715,44.93715774259208,0
1763533403.8247383,Machine-64,27.314110727005254,47.620629944704575,0
1763533404.3571963,raspberrypi,25.15,52.69,1
1763533404.8409255,Machine-64,29.34163247715129,41.41058591392162,0
1763533405.8703556,Machine-64,29.153775723846614,41.16991008005239,0
1763533406.361558,raspberrypi,25.1,52.69,1
1763533406.886625,Machine-64,27.605686298311863,48.38113761476522,0
1763533407.8986588,Machine-64,26.88931606773149,43.958515344292834,0
1763533408.3658283,raspberrypi,25.13,52.69,1
1763533408.453605,Fake-Machine-X,9.660411043539952,8.553220597454663,1
1763533408.9163115,Machine-64,27.477752181003954,40.36398898693352,0
1763533409.929866,Machine-64,29.066940271071537,43.40551602061827,0
1763533410.3698735,raspberrypi,25.15,52.69,0
1763533410.9458299,Machine-64,27.221841418909644,43.16580580974909,0
1763533411.9610257,Machine-64,29.43007126840884,49.4095210775517,0
1763533412.3743708,raspberrypi,25.15,52.69,1
1763533412.9791043,Machine-64,28.58319049640545,44.910059852048704,0
1763533413.998477,Machine-64,28.672823728263193,45.58458589449434,0
1763533414.378427,raspberrypi,25.13,52.69,0
1763533415.0130177,Machine-64,29.183555307522823,47.66776686784503,0
1763533416.032489,Machine-64,27.449261802329683,42.471111988586095,0
1763533416.3821642,raspberrypi,25.17,52.69,1
1763533417.0533054,Machine-64,28.01794073562292,42.87246864073723,0
1763533418.0707703,Machine-64,27.554964653998947,40.92824411633466,0
1763533418.3862596,raspberrypi,25.13,52.69,1
1763533418.4684815,Fake-Machine-X,98.15509852853626,85.3136028404063,1
1763533420.38833,raspberrypi,25.0,52.69,0
1763533420.8055084,Machine-64,28.729278065980623,42.232366532061064,0
1763533421.8178027,Machine-64,27.43320993020201,48.520605016549794,0
1763533422.3903494,raspberrypi,25.05,52.69,1
1763533422.8347232,Machine-64,29.350925908078118,46.05713341087766,0
1763533423.8542054,Machine-64,26.714448253503054,43.9936835668009,0
1763533424.3942807,raspberrypi,25.13,52.69,0
1763533424.8717568,Machine-64,26.67930035377902,42.52312413693981,0
1763533425.8884127,Machine-64,28.398493523916077,42.31894748894037,0
1763533426.399421,raspberrypi,25.13,52.69,1
1763533426.9096475,Machine-64,28.214134433730376,46.75773789244367,0
1763533427.9260178,Machine-64,27.14717026839451,43.38448615516384,0
1763533428.4038117,raspberrypi,25.17,52.69,0
1763533428.4718478,Fake-Machine-X,-8.068021070654057,3.4667415190279294,1
1763533428.9416165,Machine-64,27.181816658753828,40.31665675069604,0
1763533429.957948,Machine-64,27.403487515945514,46.25865449202466,0
1763533430.4084525,raspberrypi,25.13,52.69,0
1763533430.974436,Machine-64,26.96326139729936,49.611755977543396,0
1763533432.0165267,Machine-64,29.42069182969992,47.96305588576479,0
1763533432.4118211,raspberrypi,25.13,52.69,1
1763533433.0290477,Machine-64,28.42422193959226,47.796865968910836,0
1763533434.049665,Machine-64,29.02762530188354,41.10518918549884,1
1763533434.4160168,raspberrypi,25.15,52.69,0
1763533435.0633035,Machine-64,28.097524072359,41.058610600705784,0
1763533436.075878,Machine-64,29.2855825472672,46.44672292825916,0
1763533436.42013,raspberrypi,25.15,52.69,1
1763533437.0886242,Machine-64,29.262888319200883,45.79151790665656,0
1763533438.10391,Machine-64,28.883230306925874,49.078853837705594,0
1763533438.424286,raspberrypi,25.17,52.69,1
1763533438.4923937,Fake-Machine-X,74.1552923049957,13.732178330253662,1
1763533439.1163154,Machine-64,28.22765760383827,45.32490151277322,0
1763533440.1297455,Machine-64,28.250752170645956,45.7214939388852,0
1763533440.4262707,raspberrypi,25.07,52.69,1
1763533441.1446915,Machine-64,27.11122400886005,41.76354713094666,0
1763533442.1627667,Machine-64,29.374146195569544,45.64685944838112,0
1763533442.4282343,raspberrypi,25.07,52.69,0
1763533443.179971,Machine-64,29.197095573383905,40.180106689854846,0
1763533485.8028505,Machine-64,29.4352858969931,49.30575009878667,0
1763533486.5011396,raspberrypi,25.05,52.7,0
1763533486.819807,Machine-64,27.514470020068476,40.48559413152408,0
1763533487.8365996,Machine-64,29.36146557912118,43.17325522518497,0
1763533488.5036182,raspberrypi,25.03,52.7,0
1763533488.5363405,Fake-Machine-X,8.675697825625065,85.04833778981087,1
1763533488.8635595,Machine-64,27.51890122056295,45.505920459468726,0
1763533489.88296,Machine-64,28.752948955115233,47.460717720155074,0
1763533490.5054476,raspberrypi,25.07,52.7,0
1763533490.898693,Machine-64,28.42038039870402,47.576482372743605,0
1763533491.9106586,Machine-64,26.78915209838598,40.064439417325204,1
1763533492.5093927,raspberrypi,25.07,52.7,1
1763533492.9267712,Machine-64,26.638000673269616,40.03895946221937,0
1763533493.9462075,Machine-64,26.721681335021,44.55008228012173,0
1763533494.5135763,raspberrypi,25.13,52.7,1
1763533494.9548929,Machine-64,26.547961068257173,47.78457485602452,0
1763533495.9782116,Machine-64,27.788250993925296,42.53132837948602,0
1763533496.5181742,raspberrypi,25.15,52.7,0
1763533496.9957383,Machine-64,29.39545922535618,48.48671451308432,0
1763533498.01095,Machine-64,27.199636487974026,45.602490681923406,0
1763533498.5223658,raspberrypi,25.13,52.7,1
1763533498.5731184,Fake-Machine-X,-8.596055977376249,18.713747705015148,1
1763533499.0236971,Machine-64,28.604206900008865,42.03403067151688,0
1763533500.0384076,Machine-64,28.636665884880305,48.931440895304036,0
1763533500.524214,raspberrypi,25.05,52.7,1
1763533501.0543087,Machine-64,29.374069596455683,46.41610371020474,0
1763533502.071792,Machine-64,29.082515630948766,44.85889645180009,0
1763533502.526298,raspberrypi,25.03,52.69,1
1763533503.090558,Machine-64,28.05313042300058,42.8020515349709,0
1763533504.1063364,Machine-64,28.803197854666827,48.67915330640494,0
1763533504.5304,raspberrypi,25.2,52.69,1
1763533505.1240318,Machine-64,28.28630195518196,40.258006664515115,0
1763533506.1423686,Machine-64,27.73362537776562,47.53347961734238,0
1763533506.531996,raspberrypi,25.05,52.69,0
1763533507.1584687,Machine-64,29.23026804885864,49.64143332737445,0
1763533508.1743526,Machine-64,27.459023085278456,47.36770145565247,0
1763533508.5339377,raspberrypi,25.05,52.68,1
1763533508.5592008,Fake-Machine-X,-9.138153062690593,10.914132224571038,1
1763533509.1863792,Machine-64,26.616278470244954,42.86440700313497,0
1763533510.2087631,Machine-64,29.281427341369806,45.51561221509132,1
1763533510.5377786,raspberrypi,25.15,52.68,0
1763533511.2204409,Machine-64,28.26453456834745,44.33230028990613,0
1763533512.2362866,Machine-64,27.298892068128943,40.66981740667045,0
1763533512.5418284,raspberrypi,25.13,52.68,0
1763533513.251639,Machine-64,27.26657360282688,40.504852514480916,0
1763533514.2672453,Machine-64,27.7803762542468,42.24569102940265,0
1763533514.5459106,raspberrypi,25.15,52.68,1
1763533515.2814403,Machine-64,29.422974859594365,45.87724234889538,0
1763533516.296068,Machine-64,26.911095392109274,44.21006172975257,0
1763533516.5507424,raspberrypi,25.15,52.68,1
1763533517.341644,Machine-64,29.495545938541255,44.51030424594959,0
1763533518.3543792,Machine-64,28.126202448717994,49.274591726889724,0
1763533518.5538204,raspberrypi,25.13,52.68,0
1763533518.5966299,Fake-Machine-X,-6.504902490568066,88.46372431375191,1
1763533519.3714437,Machine-64,27.315058967527285,48.50604903471796,0
1763533520.3799095,Machine-64,27.752420238160646,49.195382386227976,0
1763533520.5557756,raspberrypi,25.05,52.68,0
1763533521.3928382,Machine-64,27.02420474232616,43.14178840986698,0
1763533522.4053056,Machine-64,26.817768379604434,41.075883896375814,0
1763533522.5580633,raspberrypi,25.05,52.68,0
1763533523.418811,Machine-64,28.059746192322958,44.207617465070015,0
1763533524.4375265,Machine-64,29.03321174722744,49.90811089905255,0
1763533524.56061,raspberrypi,25.15,52.68,0
1763533525.4494753,Machine-64,28.738986299300876,48.40446615721711,0
1763533526.462694,Machine-64,27.80880060689865,46.073814795590906,0
1763533526.5645454,raspberrypi,25.13,52.68,0
1763533527.4742672,Machine-64,28.786676507832553,40.42082083328328,0
1763533528.4919076,Machine-64,27.338031342330318,43.420074623630256,0
1763533528.5684187,raspberrypi,25.15,52.68,0
1763533528.5952985,Fake-Machine-X,82.04802140710083,88.04337349359344,1
1763533529.5320585,Machine-64,27.46955685909228,40.65944780814416,0
1763533530.5454283,Machine-64,27.456649729136668,44.992300744664526,0
1763533530.570322,raspberrypi,25.05,52.68,0
1763533531.5638452,Machine-64,27.560941198375943,40.0840214919646,0
1763533532.5724707,raspberrypi,25.03,52.68,0
1763533532.6155908,Machine-64,28.241798286825436,43.38775784492974,0
1763533533.593115,Machine-64,26.762132793799992,46.1602786308396,0
1763533534.5763943,raspberrypi,25.13,52.68,0
1763533534.61961,Machine-64,27.2166802149169,42.54750381926998,0
1763533961.4996533,raspberrypi,25.37,52.86,1.0
1763533963.5018427,raspberrypi,25.02,52.84,0.0
1763533965.5039742,raspberrypi,25.0,52.82,0.0
1763533967.4465005,Fake-Machine-X,9.417640709748053,6.117254289072087,1.0
1763533967.5060163,raspberrypi,25.1,52.81,1.0
1763533969.5105443,raspberrypi,25.0,52.8,0.0
1763533971.1227708,Machine-64,28.79213018215512,48.86762569549475,0.0
1763533971.5124876,raspberrypi,25.1,52.79,0.0
1763533972.134622,Machine-64,28.987783083431395,40.699210861391954,0.0
1763533973.146704,Machine-64,28.801758354460677,43.49967703815427,0.0
1763533973.5145466,raspberrypi,25.15,52.77,1.0
1763533974.164854,Machine-64,27.701043105408313,42.893485815799586,0.0
1763533975.1800396,Machine-64,27.193339212276314,49.76777287336393,0.0
1763533975.5165758,raspberrypi,25.28,52.75,1.0
1763533976.1978035,Machine-64,28.87607336956107,48.0887648320419,0.0
1763533977.2128227,Machine-64,29.001594747506243,49.067515922208834,0.0
1763533977.452323,Fake-Machine-X,108.8499727374352,94.57213501298236,1.0
1763533977.5185075,raspberrypi,25.22,52.74,0.0
1763533978.2260501,Machine-64,28.175005394506144,43.573503980374134,0.0
1763533979.2421808,Machine-64,28.267339966411903,48.08386582489532,0.0
1763533979.520514,raspberrypi,25.13,52.74,0.0
1763533980.2566786,Machine-64,28.002120261031447,40.27450620840058,0.0
1763533981.2707484,Machine-64,28.951511880713642,40.06758144087121,0.0
1763533981.5224938,raspberrypi,25.1,52.73,1.0
1763533982.284915,Machine-64,26.752032757930387,47.655034230961405,0.0
1763533983.2945867,Machine-64,29.39365020245868,46.62050261077114,0.0
1763533983.5244865,raspberrypi,25.13,52.73,1.0
1763533984.3114552,Machine-64,27.65487184610091,49.95433155732229,0.0
1763533985.3289988,Machine-64,27.20030807281943,46.54736166485747,0.0
1763533985.528343,raspberrypi,25.15,52.73,0.0
1763533986.3507938,Machine-64,27.530595425614557,44.313746082307695,0.0
1763533987.3721375,Machine-64,29.315544094066883,48.53878523339933,0.0
1763533987.4628263,Fake-Machine-X,4.5750268561183045,8.521604106895657,1.0
1763533987.5302818,raspberrypi,25.2,52.73,1.0
1763533988.3968036,Machine-64,28.11026318847717,44.50824758961441,0.0
1763533989.408199,Machine-64,29.08659410713227,49.50075423723804,0.0
1763533989.5322475,raspberrypi,25.13,52.73,0.0
1763533990.4323962,Machine-64,27.232628521103482,44.79424203066304,0.0
1763533991.451009,Machine-64,26.762137496682858,47.39109989190388,0.0
1763533991.5529208,raspberrypi,25.23,52.73,0.0
1763533992.4693654,Machine-64,29.285120818249844,49.48579940177931,0.0
1763533993.4796224,Machine-64,29.11329379648478,44.70459429284735,0.0
1763533993.5383072,raspberrypi,25.15,52.73,1.0
1763533994.4915686,Machine-64,28.44599520649078,46.65138413694509,0.0
1763533995.501023,Machine-64,28.88480628081968,46.454647128161284,0.0
1763533995.545272,raspberrypi,25.12,52.73,0.0
1763533996.5084214,Machine-64,27.59262339060339,45.601398813357534,0.0
1763533997.473452,Fake-Machine-X,0.6482739226208949,80.16330894511756,1.0
1763533997.5670137,Machine-64,26.5817616502851,42.42958534378354,0.0
1763533997.631062,raspberrypi,25.28,52.73,1.0
1763533998.537747,Machine-64,29.272858625308594,43.9600494796933,0.0
1763533999.545711,raspberrypi,25.08,52.73,1.0
1763533999.5893066,Machine-64,29.42462242935609,49.11771515157819,0.0
1763534000.5657365,Machine-64,29.073677732030895,40.16113281449371,0.0
1763534001.547783,raspberrypi,25.13,52.73,1.0
1763534001.5916262,Machine-64,28.95605592731109,44.33708769849826,0.0
1763534002.5961392,Machine-64,27.539097220662825,45.78734976626449,0.0
1763534003.5497751,raspberrypi,25.2,52.73,1.0
1763534003.6038556,Machine-64,28.42391686401634,47.236131188825134,0.0
1763534004.6167014,Machine-64,28.808225668798087,48.871840464480414,0.0
1763534005.5518777,raspberrypi,25.23,52.74,1.0
1763534005.624807,Machine-64,26.892675422391676,40.60205206221926,0.0
1763534006.6385024,Machine-64,27.254467101204657,41.88706790077484,0.0
1763534007.4833558,Fake-Machine-X,78.68458518257785,96.41641931387517,0.0
1763534007.5538309,raspberrypi,25.2,52.74,1.0
1763534007.647813,Machine-64,27.178301555216603,41.59021627414163,0.0
1763534008.6634324,Machine-64,26.540031316733298,43.307754604032894,0.0
1763534009.5561552,raspberrypi,25.28,52.74,1.0
1763534009.67637,Machine-64,27.79948107357325,45.36063155446939,0.0
1763534010.6903427,Machine-64,27.158755880883618,42.56889298556173,0.0
1763534011.5581865,raspberrypi,25.1,52.74,1.0
1763534011.7344677,Machine-64,27.5880819496574,40.205533700639315,0.0
1763534012.7416117,Machine-64,29.067753260359996,44.26839920477783,0.0
1763534013.5604339,raspberrypi,25.13,52.74,0.0
1763534013.7578857,Machine-64,26.805888788750927,46.442516096480894,0.0
1763534014.775116,Machine-64,28.66278107837238,47.19626351033966,0.0
1763534015.5622926,raspberrypi,25.17,52.73,0.0
1763534015.7903838,Machine-64,27.702317817347602,49.252180136819796,0.0
1763534016.806172,Machine-64,27.891160707634732,46.14754886159832,0.0
1763534017.4929717,Fake-Machine-X,81.48598228608645,97.46944339116045,1.0
1763534017.5642803,raspberrypi,25.25,52.73,1.0
1763534017.8181992,Machine-64,28.811074792693837,49.442109950049435,0.0
1763534018.833945,Machine-64,29.42492580146767,44.801116039428756,0.0
1763534019.568308,raspberrypi,25.15,52.73,0.0
1763534019.8464825,Machine-64,29.447653958220094,48.36901186538518,0.0
1763534020.8614643,Machine-64,28.221244048651105,45.40594263915284,0.0
1763534021.570312,raspberrypi,25.1,52.73,0.0
1763534021.8818839,Machine-64,27.12823614222816,48.35654184010174,0.0
1763534022.8983831,Machine-64,28.585367474271916,46.9483002896006,0.0
1763534023.5723827,raspberrypi,25.1,52.73,0.0
1763534023.915964,Machine-64,27.249261234713103,42.93006838063106,0.0
1763534024.9322276,Machine-64,27.8503729398668,47.56307732573599,0.0
1763534025.5746434,raspberrypi,25.25,52.73,0.0
1763534025.9543765,Machine-64,28.873248739616376,47.98690540883783,0.0
1763534026.9689283,Machine-64,27.363557236602894,47.6354368617647,0.0
1763534027.504255,Fake-Machine-X,-8.49992125637596,89.41487361483,1.0
1763534027.576612,raspberrypi,25.23,52.73,1.0
1763534027.9829347,Machine-64,26.965816806856452,45.75424488712294,0.0
1763534028.9995015,Machine-64,29.23140920298643,41.86127596599453,0.0
1763534029.5819097,raspberrypi,25.1,52.73,1.0
1763534030.0165277,Machine-64,26.66823411657161,42.38499333221066,0.0
1763534031.0293443,Machine-64,27.75724400730233,44.979001876040954,1.0
1763534031.5839205,raspberrypi,25.12,52.73,0.0
1763534032.0532022,Machine-64,28.345226352480804,41.696988131809384,0.0
1763534033.0783515,Machine-64,26.810745427707094,45.88152569685446,0.0
1763534033.5866022,raspberrypi,25.13,52.73,0.0
1763534034.0888345,Machine-64,27.851104113669404,43.74243555752441,0.0
1763534035.1043591,Machine-64,29.190416625796864,41.76532476215744,0.0
1763534035.5887418,raspberrypi,25.23,52.73,0.0
1763534036.121158,Machine-64,27.58555321004954,47.701043221899496,0.0
1763534037.1379895,Machine-64,28.62156772717737,44.98345810587682,1.0
1763534037.5115895,Fake-Machine-X,76.34992415158064,5.3590223652700235,1.0
1763534037.590611,raspberrypi,25.23,52.73,0.0
1763534038.156504,Machine-64,27.23357131966228,49.43349673574542,0.0
1763534039.1752286,Machine-64,28.375946815582665,47.29136234817582,0.0
1763534039.5933537,raspberrypi,25.17,52.73,0.0
1763534040.1856527,Machine-64,26.889756739000713,42.37318042723473,0.0
1763534041.202546,Machine-64,27.069121839558115,42.809467381236004,0.0
1763534041.5953753,raspberrypi,25.28,52.73,0.0
1763534042.2151017,Machine-64,26.869133022489393,45.78132429487631,0.0
1763534043.2251012,Machine-64,28.916468091292725,47.145882764519264,0.0
1763534043.5973685,raspberrypi,25.13,52.73,0.0
1763534044.2502098,Machine-64,27.45488752749087,48.77772940614824,0.0
1763534045.2691305,Machine-64,26.967945488797962,47.241424513189834,0.0
1763534045.5994453,raspberrypi,25.12,52.73,1.0
1763534046.281042,Machine-64,28.713962684528912,45.59651857862581,0.0
1763534047.293737,Machine-64,29.39460442565591,44.46351735681136,0.0
1763534047.5214744,Fake-Machine-X,-0.38378294674137337,8.482228747227126,1.0
1763534047.6013794,raspberrypi,25.23,52.73,0.0
1763534048.311701,Machine-64,26.545295121863315,43.157043672362455,1.0
1763534049.352197,Machine-64,27.10565993510155,48.59187698930985,0.0
1763534049.6034126,raspberrypi,25.15,52.73,1.0
1763534050.3843515,Machine-64,28.558212107473594,45.813097376618224,0.0
1763534051.3810651,Machine-64,28.826976604476435,48.04042661771976,0.0
1763534051.6062872,raspberrypi,25.15,52.73,0.0
1763534052.408022,Machine-64,27.809237401964438,44.024813636224366,0.0
1763534053.4175231,Machine-64,26.643046120547215,42.55377348436912,0.0
1763534053.608649,raspberrypi,25.13,52.73,1.0
1763534054.4314153,Machine-64,28.032907344358918,48.87402827902591,0.0
1763534055.4407592,Machine-64,27.23874152766958,46.334906470885024,0.0
1763534055.610742,raspberrypi,25.12,52.73,0.0
1763534056.4723706,Machine-64,26.64333514318646,46.145560485877915,0.0
1763534057.4814558,Machine-64,28.32094395441781,46.92005113128459,0.0
1763534057.5424287,Fake-Machine-X,89.5438560329062,14.97055110629774,0.0
1763534057.631273,raspberrypi,25.35,52.73,1.0
1763534058.4925919,Machine-64,29.439378848753563,46.72225844092324,0.0
1763534059.5031846,Machine-64,27.16736569358188,45.72764338167683,0.0
1763534059.617641,raspberrypi,25.12,52.73,0.0
1763534060.5164943,Machine-64,29.139633247193053,43.772550204024256,0.0
1763534061.5316803,Machine-64,26.627668543332664,46.52182348856328,0.0
1763534061.619353,raspberrypi,25.13,52.73,1.0
1763534062.5399237,Machine-64,26.624071732320516,48.9541952069444,0.0
1763534063.5637894,Machine-64,27.927382836544627,45.25802146076928,0.0
1763534063.6627746,raspberrypi,25.2,52.73,0.0
1763534064.5738308,Machine-64,26.77209524428275,49.45278428749522,0.0
1763534065.5876648,Machine-64,27.90543419124294,44.60514695544665,0.0
1763534065.6319497,raspberrypi,25.1,52.73,0.0
1763534066.5984175,Machine-64,29.439440282445723,43.14264843393232,0.0
1763534067.5412922,Fake-Machine-X,-3.059436550003749,80.07492188618718,1.0
1763534067.6063669,Machine-64,28.828729238763266,40.86676422423246,0.0
1763534067.6506233,raspberrypi,25.2,52.73,0.0
1763534068.6176248,Machine-64,28.1599157467988,44.66650067394928,0.0
1763534069.6287184,Machine-64,27.226325861795626,48.4227851122299,0.0
1763534069.7344522,raspberrypi,25.13,52.73,0.0
1763534070.6464822,Machine-64,26.71547482816789,41.08853709635764,0.0
1763534071.636228,raspberrypi,25.1,52.73,1.0
1763534071.6804812,Machine-64,27.920374790906326,47.70176630134533,0.0
1763534072.6698084,Machine-64,26.7948629748329,40.04499270897101,0.0
1763534073.638943,raspberrypi,25.13,52.73,0.0
1763534073.6827664,Machine-64,27.775551980391118,48.20961771868633,0.0
1763534074.6936378,Machine-64,28.958337839338245,46.0860065738821,0.0
1763534075.6435516,raspberrypi,25.18,52.73,0.0
1763534075.7268836,Machine-64,28.28781720089601,40.15242456836525,1.0
1763534076.7258496,Machine-64,29.178838391824957,46.18835777550481,0.0
1763534077.5461051,Fake-Machine-X,-0.32891925224929786,17.14040941145075,1.0
1763534077.645233,raspberrypi,25.23,52.73,0.0
1763534077.7341747,Machine-64,26.854646937430317,45.06625508429303,0.0
1763534078.7467968,Machine-64,28.600042259200986,49.50718228182809,0.0
1763534079.647438,raspberrypi,25.1,52.73,0.0
1763534079.7620099,Machine-64,28.03197726687512,40.4733097718555,0.0
1763534080.7763534,Machine-64,27.071410483235432,43.714403621143944,0.0
1763534081.649574,raspberrypi,25.2,52.73,0.0
1763534081.7975624,Machine-64,26.866832115706377,41.66403940835501,0.0
1763534082.8085225,Machine-64,27.065913297999234,42.981447876556594,0.0
1763534083.6517403,raspberrypi,25.1,52.73,0.0
1763534083.8229742,Machine-64,29.23349344162289,49.1134506622834,0.0
1763534084.83626,Machine-64,26.567518600883215,42.61967802706368,0.0
1763534085.6535072,raspberrypi,25.12,52.73,0.0
1763534085.8485758,Machine-64,27.514062520477594,46.36757991741404,0.0
1763534086.856763,Machine-64,26.84613123082099,46.3849973961975,0.0
1763534087.5567918,Fake-Machine-X,77.92914455811092,82.87452951732296,1.0
1763534087.655916,raspberrypi,25.23,52.73,1.0
1763534087.8667853,Machine-64,28.84498820131657,41.174944856108304,0.0
1763534088.884699,Machine-64,27.514412144991713,49.74343447738711,0.0
1763534089.6580858,raspberrypi,25.13,52.73,1.0
1763534089.8993938,Machine-64,29.42921825386263,48.90098968253876,0.0
1763534091.0372913,Machine-64,29.191600030257852,41.13380250007052,0.0
1763534091.6602418,raspberrypi,25.25,52.73,1.0
1763534092.0482304,Machine-64,29.45150976713469,40.286914248196986,1.0
1763534093.06643,Machine-64,26.84780824090963,40.19811060453638,0.0
1763534093.6624322,raspberrypi,25.13,52.73,1.0
1763534094.1776526,Machine-64,27.702803760291737,44.161461100920896,0.0
1763534095.3925037,Machine-64,27.523490971384724,43.91263961237888,0.0
1763534095.664556,raspberrypi,25.1,52.73,0.0
1763534096.5178826,Machine-64,27.954776744600608,42.186931979174396,0.0
1763534097.5262012,Machine-64,26.54963811723366,42.20555102313474,0.0
1763534097.636511,Fake-Machine-X,1.8574224733522975,82.28382236245838,0.0
1763534097.681035,raspberrypi,25.38,52.73,1.0
1763534098.7643027,Machine-64,28.237241622109085,49.28046899220918,0.0
1763534099.6691456,raspberrypi,25.1,52.73,0.0
1763534099.9781878,Machine-64,27.314919636751807,47.47018282757183,0.0
1763534101.4270144,Machine-64,27.724693230176907,49.619661473346824,0.0
1763534101.6711545,raspberrypi,25.12,52.73,0.0
1763534102.6392243,Machine-64,28.246385490763544,43.18728986023504,0.0
1763534103.6557271,Machine-64,26.72205669149709,42.220696709315476,0.0
1763534103.6996799,raspberrypi,25.22,52.73,0.0
1763534104.6631687,Machine-64,29.14429638376727,48.98206279362744,0.0
1763534105.676,raspberrypi,25.08,52.73,0.0
1763534105.7195575,Machine-64,27.70902143034822,43.68703991621891,0.0
1763534106.6991463,Machine-64,29.25207850695204,48.961135006322834,0.0
1763534107.5842733,Fake-Machine-X,5.1891977596255785,89.67883862201775,0.0
1763534107.6782813,raspberrypi,25.22,52.73,0.0
1763534107.7225935,Machine-64,28.336667037743652,47.94732595730541,0.0
1763534108.7257245,Machine-64,28.26451092124048,43.47782742394093,0.0
1763534109.6803849,raspberrypi,25.12,52.73,0.0
1763534109.733623,Machine-64,28.471089185370218,43.64792882761746,0.0
1763534110.751881,Machine-64,27.214799040629977,41.37616982218929,0.0
1763534111.682389,raspberrypi,25.12,52.73,0.0
1763534111.756795,Machine-64,26.72492445014991,45.47465287965767,0.0
1763534112.7745178,Machine-64,27.2975053501577,46.01234771349085,0.0
1763534113.6862743,raspberrypi,25.1,52.73,0.0
1763534113.7932851,Machine-64,28.672793741520938,41.16895224370498,0.0
1763534114.8027117,Machine-64,28.344895802364036,42.60674974401387,0.0
1763534115.6886516,raspberrypi,25.13,52.73,0.0
1763534115.8236012,Machine-64,26.874872112661212,42.82983937270558,0.0
1763534116.847987,Machine-64,28.269210808203233,44.78524899104762,0.0
1763534117.5873036,Fake-Machine-X,-1.2766311799615178,1.4828432210747877,1.0
1763534117.6907537,raspberrypi,25.25,52.73,0.0
1763534117.8654482,Machine-64,27.225453841909516,46.4585373096176,0.0
1763534118.8784802,Machine-64,27.35821111095541,41.85343117868797,0.0
1763534119.6929185,raspberrypi,25.25,52.73,1.0
1763534119.8879426,Machine-64,27.085687765737834,43.46856955321553,0.0
1763534120.9339178,Machine-64,27.295194472337602,49.148153775734436,0.0
1763534121.6950734,raspberrypi,25.1,52.73,1.0
1763534121.9386706,Machine-64,27.595555827849402,45.16404160778901,0.0
1763534122.9540749,Machine-64,28.727291788416267,46.899104903282996,0.0
1763534123.6972504,raspberrypi,25.12,52.73,0.0
1763534123.968093,Machine-64,27.452240613543104,40.56860464823654,0.0
1763534124.9799995,Machine-64,26.599440246538585,44.47326471283064,1.0
1763534125.699462,raspberrypi,25.13,52.73,1.0
1763534125.9962196,Machine-64,27.532843904990784,49.37250124902325,0.0
1763534127.0074985,Machine-64,28.212936628840158,40.849362006553356,0.0
1763534127.5908518,Fake-Machine-X,98.84401925881099,19.336541888749565,1.0
1763534127.7015293,raspberrypi,25.23,52.73,0.0
1763534128.0208142,Machine-64,27.738626562395105,46.793361395613914,0.0
1763534129.0311852,Machine-64,27.27630787360944,44.30495247467513,0.0
1763534129.706067,raspberrypi,25.15,52.73,0.0
1763534130.0438635,Machine-64,29.40138097270296,48.24468298496868,0.0
1763534131.0601099,Machine-64,27.39899657421254,48.287988473206454,0.0
1763534131.7079148,raspberrypi,25.12,52.73,0.0
1763534132.0704737,Machine-64,26.97052624758765,49.359786393368104,0.0
1763534133.086094,Machine-64,27.3256023198098,48.20550262395577,0.0
1763534133.7100453,raspberrypi,25.1,52.73,1.0
1763534134.1646566,Machine-64,27.386037234993672,45.31246929721909,0.0
1763534135.1891184,Machine-64,27.462491075849034,44.47011292234845,0.0
1763534135.7121985,raspberrypi,25.28,52.73,0.0
1763534136.1970592,Machine-64,29.135189103390722,46.01774719179173,0.0
1763534137.208585,Machine-64,27.6339939380874,40.402625754249115,0.0
1763534137.6012821,Fake-Machine-X,60.28092107015872,84.66322993753612,1.0
1763534137.7140646,raspberrypi,25.25,52.73,0.0
1763534138.2213402,Machine-64,27.114445794370056,44.10077629154515,0.0
1763534139.2401278,Machine-64,27.52071333396388,48.891095023332454,0.0
1763534139.7166288,raspberrypi,25.1,52.73,1.0
1763534140.2967668,Machine-64,29.493699242129487,42.815530611672834,0.0
1763534141.3041408,Machine-64,29.41877017378829,48.95284522676512,0.0
1763534141.7187314,raspberrypi,25.13,52.73,0.0
1763534142.3134212,Machine-64,27.604016315644063,43.86459121057821,0.0
1763534143.3319697,Machine-64,28.8393272374938,43.1410874312621,0.0
1763534143.7208726,raspberrypi,25.1,52.73,0.0
1763534144.354003,Machine-64,28.275325582801912,49.49010050974454,0.0
1763534145.3697677,Machine-64,28.238540208195893,48.1651795283707,0.0
1763534145.7227645,raspberrypi,25.23,52.73,0.0
1763534146.3911042,Machine-64,28.280833055577578,44.52154358287267,0.0
1763534147.4028687,Machine-64,29.289869804258874,45.51074823109742,0.0
1763534147.6115675,Fake-Machine-X,88.3903240041375,17.666343217728166,0.0
1763534147.7258174,raspberrypi,25.22,52.73,1.0
1763534148.4240034,Machine-64,28.43964301749102,49.49278491564003,0.0
1763534149.4402475,Machine-64,27.131423411002203,49.97735459929314,0.0
1763534149.727599,raspberrypi,25.1,52.73,1.0
1763534150.4484596,Machine-64,26.64963672900498,43.529162488173796,0.0
1763534151.4598203,Machine-64,27.998583829029503,45.92253587793938,0.0
1763534151.7302616,raspberrypi,25.3,52.73,1.0
1763534152.4702187,Machine-64,29.019700977407155,45.44773182356825,0.0
1763534153.484273,Machine-64,26.621824437018144,45.28287380911175,0.0
1763534153.731985,raspberrypi,25.17,52.73,0.0
1763534154.4965978,Machine-64,29.19769111977124,41.42331851084516,0.0
1763534155.542022,Machine-64,27.204896828876475,46.8604715151944,0.0
1763534155.7340062,raspberrypi,25.17,52.74,0.0
1763534156.5515752,Machine-64,29.030428015550996,42.69833588647692,0.0
1763534157.5648196,Machine-64,29.427785032800404,41.04397769628904,0.0
1763534157.611868,Fake-Machine-X,-8.3989576227019,4.882809536101506,1.0
1763534157.736173,raspberrypi,25.25,52.74,1.0
1763534158.5771356,Machine-64,27.940513863848317,45.28865643770696,0.0
1763534159.5902576,Machine-64,27.980356931506233,45.431741884829634,0.0
1763534159.7379558,raspberrypi,25.1,52.74,1.0
1763534160.6020727,Machine-64,29.254148984302397,41.31878773935262,0.0
1763534161.617446,Machine-64,28.02601078045529,45.05384517452421,0.0
1763534161.7417076,raspberrypi,25.12,52.74,0.0
1763534162.6380146,Machine-64,28.98578190910273,47.190172698315976,0.0
1763534163.653301,Machine-64,29.295738758531538,45.52166661859403,0.0
1763534163.7437465,raspberrypi,25.1,52.74,1.0
1763534164.6568117,Machine-64,27.455290368035538,48.615238171928056,0.0
1763534165.6722162,Machine-64,29.380439621543687,45.28349180882816,0.0
1763534165.745721,raspberrypi,25.12,52.74,1.0
1763534166.6840312,Machine-64,27.387115998520542,48.34523330106671,0.0
1763534167.6253529,Fake-Machine-X,6.915285409237686,88.72278987742752,0.0
1763534167.7126808,Machine-64,27.978148452967194,45.7608426874489,0.0
1763534167.75749,raspberrypi,25.32,52.74,0.0
1763534168.707817,Machine-64,26.762532057710253,43.16609347761855,0.0
1763534169.7189605,Machine-64,28.92411429364042,42.38455584243333,0.0
1763534169.7631555,raspberrypi,25.1,52.74,1.0
1763534170.730186,Machine-64,27.423432267244976,40.71935788667618,0.0
1763534171.7477472,Machine-64,29.35330588970153,40.313926938051615,0.0
1763534171.79192,raspberrypi,25.07,52.74,1.0
1763534172.7581866,Machine-64,28.392553410118694,42.34491310221856,1.0
1763534180.8794992,Machine-64,29.345617034242938,44.32076491263125,0.0
1763534181.7699404,raspberrypi,25.1,52.78,1.0
1763534181.8941681,Machine-64,27.4673338843526,44.348297811997995,0.0
1763534182.9076025,Machine-64,28.45193930268816,46.28371618835824,0.0
1763534183.7738216,raspberrypi,25.15,52.77,0.0
1763534183.9240236,Machine-64,27.819260485481667,49.65718504127397,0.0
1763534184.9347863,Machine-64,27.97172988095914,46.73621915584541,0.0
1763534185.7758968,raspberrypi,25.15,52.77,0.0
1763534185.9466865,Machine-64,29.4960370698883,46.87069555022791,0.0
1763534186.9571106,Machine-64,28.219361764237398,40.34136895287598,0.0
1763534187.6427321,Fake-Machine-X,0.9734919159355329,83.23847449167027,1.0
1763534187.778058,raspberrypi,25.23,52.77,1.0
1763534188.001287,Machine-64,29.339128552278208,44.06903108905811,0.0
1763534189.0154445,Machine-64,28.0496679809601,43.17797276276504,0.0
1763534189.7799306,raspberrypi,25.3,52.77,1.0
1763534190.0255704,Machine-64,26.574787470151957,48.15039556797349,0.0
1763534191.0395272,Machine-64,28.052377539175858,46.04738879033427,0.0
1763534191.7822163,raspberrypi,25.1,52.77,0.0
1763534192.0522668,Machine-64,27.412670793988756,48.94080119113249,0.0
1763534193.0652559,Machine-64,28.841039992992012,49.46266038267363,0.0
1763534193.7842944,raspberrypi,25.1,52.76,0.0
1763534194.1456487,Machine-64,27.1165233174849,45.04204829518968,0.0
1763534195.1579323,Machine-64,28.83444525936813,41.98015816843398,0.0
1763534195.7863083,raspberrypi,25.1,52.75,1.0
1763534196.1712444,Machine-64,27.49572445431807,42.642764658908526,0.0
1763534197.1833954,Machine-64,26.895541075375498,49.47519340069394,0.0
1763534197.6556964,Fake-Machine-X,75.2089598498942,82.99301378165201,1.0
1763534197.7884698,raspberrypi,25.23,52.74,1.0
1763534198.202367,Machine-64,28.29051551387975,43.62016277021529,0.0
1763534199.2127423,Machine-64,28.85234135920485,43.904406439963736,0.0
1763534199.7921524,raspberrypi,25.18,52.73,1.0
1763534200.2242084,Machine-64,27.857481255396443,46.735215693086886,0.0
1763534201.2403624,Machine-64,28.26563316270976,46.37151870737268,0.0
1763534201.79414,raspberrypi,25.13,52.73,0.0
1763534202.2521396,Machine-64,27.730662951829586,47.26637450765935,0.0
1763534203.263882,Machine-64,29.259394125671697,49.89061708150967,0.0
1763534203.796323,raspberrypi,25.1,52.73,1.0
1763534204.2749135,Machine-64,26.737505010497042,43.325062514333204,0.0
1763534205.2930644,Machine-64,28.198005579894488,49.05326537450846,1.0
1763534205.7981567,raspberrypi,25.3,52.73,1.0
1763534206.305127,Machine-64,27.742824169827923,45.15766858266372,0.0
1763534207.32053,Machine-64,27.940689079796975,46.16601092090687,0.0
1763534207.66285,Fake-Machine-X,7.0096767785496645,0.1272709885342005,1.0
1763534207.8001633,raspberrypi,25.27,52.73,1.0
1763534208.3408766,Machine-64,27.178338193570767,48.70668821474641,0.0
1763534209.3473396,Machine-64,27.570787420459638,47.04668318200742,0.0
1763534209.8024364,raspberrypi,25.13,52.73,1.0
1763534210.3620203,Machine-64,27.049331108696308,47.26871436634957,0.0
1763534211.3819358,Machine-64,26.895819831374638,45.29492788922938,1.0
1763534211.8045373,raspberrypi,25.3,52.73,1.0
1763534212.3894572,Machine-64,26.59427253251309,42.89440858979697,0.0
1763534213.4024024,Machine-64,29.307037866552125,43.95196017322284,1.0
1763534213.8065856,raspberrypi,25.12,52.73,1.0
1763534214.4224458,Machine-64,29.05994645654842,42.05957850294085,0.0
1763534215.4324288,Machine-64,28.20414138825342,47.9999952235037,0.0
1763534215.8087032,raspberrypi,25.1,52.73,0.0
1763534216.4451103,Machine-64,27.914522699826566,43.614709158380826,0.0
1763534217.4600008,Machine-64,28.74893197610083,48.75967212073661,0.0
1763534217.6809177,Fake-Machine-X,-5.159829239507352,6.6464836607163384,1.0
1763534217.8111396,raspberrypi,25.4,52.73,0.0
1763534218.4827416,Machine-64,27.240185180223374,44.81782885649091,0.0
1763534219.4942968,Machine-64,27.815152626948652,47.79705119046875,0.0
1763534219.8129375,raspberrypi,25.13,52.73,0.0
1763534220.5085304,Machine-64,27.209202965940595,40.24575160312632,0.0
1763534221.519973,Machine-64,27.955061911158356,40.23352302796023,0.0
1763534221.81537,raspberrypi,25.12,52.73,1.0
1763534222.5370314,Machine-64,26.512300519485066,43.50625989455028,0.0
1763534223.5461888,Machine-64,28.914900272316032,40.3303877821848,0.0
1763534223.8174417,raspberrypi,25.12,52.73,0.0
1763534224.5589375,Machine-64,28.683842111843433,48.328987681391396,0.0
1763534225.580549,Machine-64,28.899626483145827,43.01365471014717,0.0
1763534225.8195448,raspberrypi,25.12,52.73,0.0
1763534226.60506,Machine-64,27.812809282435516,40.73196682427675,0.0
1763534227.6122622,Machine-64,28.39630180801311,41.543102263987244,0.0
1763534227.6805863,Fake-Machine-X,107.61591444418076,2.493937631612555,1.0
1763534227.8216045,raspberrypi,25.35,52.73,1.0
1763534228.7617989,Machine-64,28.417888534401495,42.511505320734045,0.0
1763534229.7848284,Machine-64,28.789569417077303,49.25147969732911,0.0
1763534229.829022,raspberrypi,25.1,52.73,1.0
1763534230.9308722,Machine-64,28.748326447852698,41.8776946661466,0.0
1763534231.8256292,raspberrypi,25.13,52.73,1.0
1763534231.942697,Machine-64,28.047813563934504,43.794766745358096,0.0
1763534232.9612231,Machine-64,26.94942013814832,43.84830279476297,0.0
1763534233.8278935,raspberrypi,25.32,52.73,1.0
1763534234.0749347,Machine-64,27.13092569302909,48.9818736864467,0.0
1763534235.097918,Machine-64,27.081891730748918,40.371427574744764,0.0
1763534235.8299024,raspberrypi,25.1,52.73,0.0
1763534236.2477763,Machine-64,28.832896657802955,49.532845030224024,0.0
1763534237.2599223,Machine-64,29.10744318141596,41.782619448609104,0.0
1763534237.6925528,Fake-Machine-X,7.632102683681886,85.96986117240681,0.0
1763534237.8318906,raspberrypi,25.25,52.73,1.0
1763534238.2740064,Machine-64,27.207097897938922,40.074294948734995,0.0
1763534239.3883936,Machine-64,26.546974370674967,40.78439280158679,0.0
1763534239.833857,raspberrypi,25.12,52.73,1.0
1763534240.4131908,Machine-64,26.67549982179139,48.7173231490204,0.0
1763534241.567343,Machine-64,28.422267657391846,49.06146785213567,0.0
1763534241.8359299,raspberrypi,25.1,52.73,1.0
1763534242.5797753,Machine-64,28.856545098056355,48.292910510975354,0.0
1763534243.7402878,Machine-64,29.306967075661216,42.98117702434,0.0
1763534243.838681,raspberrypi,25.3,52.73,1.0
1763534244.7572343,Machine-64,26.741652756046967,45.39253401481329,0.0
1763534245.8405223,raspberrypi,25.02,52.73,0.0
1763534245.9145947,Machine-64,28.82482409647247,42.64996029018703,0.0
1763534246.9235072,Machine-64,28.10247874139904,47.62050272380119,0.0
1763534247.7029414,Fake-Machine-X,-1.8299812081332192,8.57705464460621,1.0
1763534247.8426046,raspberrypi,25.25,52.73,1.0
1763534247.9338841,Machine-64,27.584052723946208,43.52948954241577,0.0
1763534249.059545,Machine-64,27.62370215419956,43.73321386964992,1.0
1763534249.8464313,raspberrypi,25.15,52.73,0.0
1763534250.0685878,Machine-64,27.50298944379744,43.109687552015494,0.0
1763534251.0827174,Machine-64,29.349842469204326,45.59710303216856,0.0
1763534251.8481214,raspberrypi,25.13,52.73,1.0
1763534252.2068558,Machine-64,28.744069668261794,40.565510070455005,0.0
1763534253.2180703,Machine-64,28.402859588653236,44.73922725950387,0.0
1763534253.850057,raspberrypi,25.12,52.73,1.0
1763534254.2306614,Machine-64,27.26170898345696,47.78338462243758,0.0
1763534255.353452,Machine-64,28.287902849771292,41.48405022444659,0.0
1763534255.8520613,raspberrypi,25.28,52.73,0.0
1763534256.3627424,Machine-64,29.24305799222608,45.38406483307671,0.0
1763534257.3727655,Machine-64,28.174323715711587,43.452839057324255,0.0
1763534257.759625,Fake-Machine-X,-7.4297214433983765,17.680931306990413,1.0
1763534257.8539855,raspberrypi,25.22,52.73,0.0
1763534258.4901245,Machine-64,27.149599265429558,40.684890879712164,0.0
1763534259.5047326,Machine-64,29.340259292899717,47.78253710191349,0.0
1763534259.8559666,raspberrypi,25.13,52.73,1.0
1763534260.5167725,Machine-64,29.101272202173877,43.556375560787174,0.0
1763534261.5284233,Machine-64,28.106436877882647,40.21197435507069,0.0
1763534261.858381,raspberrypi,25.27,52.73,1.0
1763534262.60205,Machine-64,29.45641339292515,45.25524788394418,0.0
1763534263.6142857,Machine-64,27.95263965757729,49.42351090391277,0.0
1763534263.860428,raspberrypi,25.13,52.73,0.0
1763534264.6257322,Machine-64,28.696448330401065,48.924794877673214,0.0
1763534265.7491055,Machine-64,29.243121568099372,42.80617428348748,0.0
1763534265.8658268,raspberrypi,25.1,52.73,1.0
1763534266.762435,Machine-64,28.374697367447887,42.33491785703437,0.0
1763534267.7285752,Fake-Machine-X,88.51992225906673,8.026047274922563,1.0
1763534267.7727501,Machine-64,26.50128778858585,44.85248698502384,0.0
1763534267.8677444,raspberrypi,25.25,52.73,0.0
1763534268.8920348,Machine-64,29.100708102647665,49.71045044333845,0.0
1763534269.8702931,raspberrypi,25.1,52.73,1.0
1763534269.9138596,Machine-64,28.53936726096883,46.964537109701475,0.0
1763534270.9197094,Machine-64,29.303563996911727,48.87092608304759,0.0
1763534271.8740268,raspberrypi,25.1,52.73,1.0
1763534271.9740806,Machine-64,29.375942990185457,43.20856577071433,0.0
1763534273.0076604,Machine-64,28.63743548468582,48.036445325087286,0.0
1763534273.8769336,raspberrypi,25.13,52.73,1.0
1763534274.0200415,Machine-64,27.072434343103787,42.37286219862792,0.0
1763534275.0334103,Machine-64,28.886933758890077,46.874292882440756,0.0
1763534275.8790443,raspberrypi,25.1,52.73,1.0
1763534276.147541,Machine-64,28.414731364533797,40.602300132398796,0.0
1763534277.1653626,Machine-64,26.93575817859083,43.46087054321579,0.0
1763534277.8057172,Fake-Machine-X,79.13838463338502,91.889470315947,1.0
1763534277.8811545,raspberrypi,25.3,52.73,1.0
1763534278.1751173,Machine-64,29.165943207841874,48.3094398703679,0.0
1763534279.8857667,raspberrypi,25.02,52.73,1.0
1763534281.0625901,Machine-64,28.358463773708245,47.11075175651868,0.0
1763534281.8878338,raspberrypi,25.12,52.73,1.0
1763534282.0760128,Machine-64,26.567785066975517,46.47697855006811,0.0
1763534283.0902643,Machine-64,29.130735176383517,42.45992300820432,0.0
1763534283.890062,raspberrypi,25.3,52.73,0.0
1763534284.1004095,Machine-64,28.106918618977787,41.93989833230983,0.0
1763534285.1145492,Machine-64,27.022820034720553,42.94158198644778,0.0
1763534285.892087,raspberrypi,25.1,52.73,1.0
1763534286.1326625,Machine-64,28.808777031730028,48.66802440772529,0.0
1763534287.1487682,Machine-64,28.6851686525329,47.43128343468363,0.0
1763534287.7360156,Fake-Machine-X,3.8500043350344626,13.737705413282178,0.0
1763534287.8942554,raspberrypi,25.23,52.73,0.0
1763534288.1697288,Machine-64,27.24211232452851,42.435030893164075,0.0
1763534289.179639,Machine-64,27.99625242933014,44.42254123856476,0.0
1763534289.8961377,raspberrypi,25.1,52.73,1.0
1763534290.1908863,Machine-64,29.29150177798858,49.16568644939755,0.0
1763534291.1975493,Machine-64,29.499437871206695,48.24297973507208,0.0
1763534291.8982215,raspberrypi,25.12,52.73,1.0
1763534292.2112784,Machine-64,28.769589556307466,48.13834614377276,0.0
1763534293.2256596,Machine-64,26.559077557458085,40.07027840652148,0.0
1763534293.9024138,raspberrypi,25.12,52.73,0.0
1763534294.2354574,Machine-64,28.547308728158796,46.67637625450672,1.0
1763534295.248186,Machine-64,27.16335589070749,47.12187236811726,1.0
1763534295.904166,raspberrypi,25.13,52.73,0.0
1763534296.2616832,Machine-64,26.61348319967397,40.332553436762296,0.0
1763534297.2701945,Machine-64,29.37521823915639,49.933510755594085,0.0
1763534297.7465186,Fake-Machine-X,101.1364574943913,19.208768639904513,0.0
1763534297.9059448,raspberrypi,25.23,52.73,1.0
1763534298.2815373,Machine-64,27.176118621588337,42.01805153738336,0.0
1763534299.2947361,Machine-64,27.12747017633566,45.13806609051449,0.0
1763534299.9086697,raspberrypi,25.25,52.73,0.0
1763534300.3080993,Machine-64,28.17800916144434,44.96642474184945,0.0
1763534301.3195794,Machine-64,27.27412880830767,45.519473568921484,0.0
1763534301.9104054,raspberrypi,25.13,52.73,0.0
1763534302.3369668,Machine-64,28.555136295691007,44.569253581878854,0.0
1763534303.3469567,Machine-64,29.15625664061329,41.607238234787324,0.0
1763534303.9123907,raspberrypi,25.12,52.73,1.0
1763534304.3606021,Machine-64,28.549305521718015,45.96441554959669,0.0
1763534305.3778763,Machine-64,26.973892790268497,40.44233529291086,0.0
1763534305.9147794,raspberrypi,25.28,52.73,0.0
1763534306.3892715,Machine-64,28.3944223116984,41.433668748649595,0.0
1763534307.4019156,Machine-64,28.260580157301,46.47594262335116,0.0
1763534307.7520332,Fake-Machine-X,-7.345398997895867,0.9389878897505666,1.0
1763534307.9168816,raspberrypi,25.23,52.73,0.0
1763534308.4198086,Machine-64,28.185814779559806,48.509235552334545,0.0
1763534309.4307623,Machine-64,28.633045179612978,47.035933076866186,0.0
1763534309.9221265,raspberrypi,25.12,52.73,1.0
1763534310.453829,Machine-64,28.133682850204966,46.20601111258769,0.0
1763534311.469521,Machine-64,26.625255695039062,41.45782117678638,0.0
1763534311.9243073,raspberrypi,25.1,52.73,0.0
1763534312.4845576,Machine-64,28.380609828717194,43.55554594867526,0.0
1763534313.5028656,Machine-64,27.453257019891147,44.61042209764533,0.0
1763534313.9264016,raspberrypi,25.12,52.73,0.0
1763534314.5149353,Machine-64,28.5873701311455,41.277955061388866,0.0
1763534315.5275772,Machine-64,27.700280720273284,43.93119954539232,0.0
1763534315.930442,raspberrypi,25.13,52.73,1.0
1763534316.5374842,Machine-64,28.065375189819026,47.808255209365555,1.0
1763534317.5482688,Machine-64,27.61946626073687,41.09080435089485,0.0
1763534317.7625618,Fake-Machine-X,61.78006233395998,84.27958171076872,1.0
1763534317.9331791,raspberrypi,25.23,52.73,1.0
1763534318.5645318,Machine-64,28.64861234979788,43.962201930204444,0.0
1763534319.5733314,Machine-64,26.852312135263016,44.00827423905098,1.0
1763534319.9354744,raspberrypi,25.13,52.73,1.0
1763534320.588723,Machine-64,29.29698683762774,47.24519809040156,0.0
1763534321.603463,Machine-64,27.873140165910876,45.92490212810953,0.0
1763534321.937247,raspberrypi,25.28,52.73,0.0
1763534322.6211724,Machine-64,28.509492594053953,43.26262962360082,0.0
1763534323.6269822,Machine-64,28.30846757236424,43.954870577491796,0.0
1763534323.9393904,raspberrypi,25.15,52.73,0.0
1763534324.6390824,Machine-64,28.26341074036496,47.90128985151644,0.0
1763534325.6484172,Machine-64,29.392325581527647,41.69774161559885,0.0
1763534325.9417143,raspberrypi,25.12,52.73,0.0
1763534326.661347,Machine-64,28.935064778105716,43.55887318212237,0.0
1763534327.6769588,Machine-64,26.649126774255052,41.406601810322385,0.0
1763534327.779764,Fake-Machine-X,74.91217526831765,80.6727311273978,1.0
1763534327.9437923,raspberrypi,25.45,52.73,0.0
1763534328.6887074,Machine-64,27.939361916300783,45.27375129214847,0.0
1763534329.701276,Machine-64,29.30780694048311,42.05873075831746,0.0
1763534329.946118,raspberrypi,25.12,52.73,1.0
1763534330.7161205,Machine-64,27.012704144324807,49.70268303623834,0.0
1763534331.7287,Machine-64,26.50572271543752,42.93215021355815,0.0
1763534331.94826,raspberrypi,25.1,52.73,0.0
1763534332.7499454,Machine-64,26.915343662204172,41.7091060616875,1.0
1763534333.760206,Machine-64,27.90437123551968,43.029169646729954,0.0
1763534333.9501243,raspberrypi,25.13,52.73,1.0
1763534334.789287,Machine-64,27.26843241177567,44.788071845133686,0.0
1763534335.8101985,Machine-64,27.734965440984453,49.53480581016662,0.0
1763534335.9524007,raspberrypi,25.1,52.73,0.0
1763534336.930797,Machine-64,27.128045503699212,45.590889589149434,0.0
1763534337.8766897,Fake-Machine-X,-1.553174496038599,85.46276926366572,1.0
1763534337.9822903,Machine-64,29.363152014598988,41.23699079601541,0.0
1763534338.0256763,raspberrypi,25.23,52.73,1.0
1763534339.1003077,Machine-64,28.1032347154348,45.743421906347514,0.0
1763534339.9592957,raspberrypi,25.15,52.73,1.0
1763534340.11072,Machine-64,26.796913710039114,46.315515043818586,0.0
1763534341.1256464,Machine-64,26.729352238026696,41.41571013116264,0.0
1763534341.961397,raspberrypi,25.13,52.73,1.0
1763534342.2374647,Machine-64,28.89282723525431,48.219841281239084,0.0
1763534343.251441,Machine-64,29.401048268159578,40.88255268732113,0.0
1763534343.9635384,raspberrypi,25.25,52.73,1.0
1763534344.2604997,Machine-64,28.519744318846765,42.14490658058221,0.0
1763534345.2737937,Machine-64,27.504175562373103,47.12994150633996,0.0
1763534345.9659324,raspberrypi,25.12,52.73,0.0
1763534346.2862575,Machine-64,26.69464248801167,49.23938110316928,0.0
1763534347.301205,Machine-64,29.297037084850082,49.832519379526644,0.0
1763534347.7906787,Fake-Machine-X,-8.339576606420644,85.86232521016854,1.0
1763534347.967869,raspberrypi,25.23,52.73,1.0
1763534348.3190625,Machine-64,28.409252836384024,48.46089426396347,0.0
1763534349.3568907,Machine-64,28.380090938709625,41.04670033460937,0.0
1763534349.9701009,raspberrypi,25.23,52.73,1.0
1763534350.3665836,Machine-64,28.93249199652162,44.65409996217544,0.0
1763534351.390401,Machine-64,28.228675407386383,48.87098972321019,0.0
1763534351.9725568,raspberrypi,25.13,52.73,0.0
1763534352.398335,Machine-64,29.038179048656527,45.05180029470073,0.0
1763534353.412068,Machine-64,27.194607055665415,45.52292285038098,0.0
1763534353.9746468,raspberrypi,25.1,52.73,1.0
1763534354.4319062,Machine-64,26.796028179945903,49.35250819907988,0.0
1763534355.442172,Machine-64,26.950993385839602,48.0428553084856,0.0
1763534355.9764142,raspberrypi,25.1,52.73,0.0
1763534356.4531426,Machine-64,27.052460073172305,47.841206792786224,0.0
1763534357.4674082,Machine-64,26.73194338526932,44.76337873663529,0.0
1763534357.8011453,Fake-Machine-X,2.7843523310183276,91.38385936015776,0.0
1763534357.9783564,raspberrypi,25.23,52.73,1.0
1763534358.474977,Machine-64,29.311850219061554,46.27438157935885,0.0
1763534359.488541,Machine-64,27.27778614930881,44.041557802013564,0.0
1763534359.9831314,raspberrypi,25.1,52.73,0.0
1763534360.5023038,Machine-64,28.126934551816277,45.49544877686066,0.0
1763534361.5151942,Machine-64,28.27810042020168,45.43673383589815,0.0
1763534361.9846702,raspberrypi,25.1,52.73,1.0
1763534362.5261648,Machine-64,26.691388001539714,49.95474095575021,0.0
1763534363.536556,Machine-64,28.032671229499677,43.26700205326976,0.0
1763534363.9873056,raspberrypi,25.1,52.73,1.0
1763541382.519343,raspberrypi,25.02,52.71,1.0
1763541382.6210804,Machine-64,28.10893508355041,44.415029456306854,0.0
1763541383.6237738,Machine-64,28.059882385629283,40.102339136006016,0.0
1763541384.5216186,raspberrypi,25.13,52.7,0.0
1763541384.6993146,Machine-64,28.012141857676973,45.81259667283689,0.0
1763541385.6979516,Machine-64,27.535614752194373,48.751888930787956,0.0
1763541386.5233297,raspberrypi,25.1,52.7,1.0
1763541386.7628982,Machine-64,29.097835829872714,47.109364499057115,0.0
1763541387.6181972,Fake-Machine-X,109.34532418285508,82.60377170159248,1.0
1763541387.905788,Machine-64,27.93060146920244,43.81087690552093,0.0
1763541388.5252988,raspberrypi,25.42,52.7,1.0
1763541389.0522196,Machine-64,26.647602528079965,41.439742406276196,0.0
1763541390.0993497,Machine-64,27.15988248905765,45.24782309514889,0.0
1763541390.5272906,raspberrypi,25.13,52.69,1.0
1763541391.1683884,Machine-64,29.337673125191344,40.477675108207876,0.0
1763541392.4304872,Machine-64,27.54631970247007,46.72225052092701,0.0
1763541392.52924,raspberrypi,25.12,52.69,1.0
1763541393.457898,Machine-64,27.401315242560248,46.84973256991461,0.0
1763541394.4749174,Machine-64,29.19944918242725,41.5010778811151,0.0
1763541394.5314665,raspberrypi,25.17,52.68,0.0
1763541395.4961765,Machine-64,28.293969275479697,40.69913882281184,0.0
1763541396.5131145,Machine-64,27.864229018043225,41.407685479971256,0.0
1763541396.5578876,raspberrypi,25.08,52.67,1.0
1763541397.5378287,Machine-64,26.95813057321792,41.1372500317321,0.0
1763541397.6190858,Fake-Machine-X,109.34305149056848,82.11547392110099,1.0
1763541398.5359778,raspberrypi,25.22,52.67,0.0
1763541398.6468341,Machine-64,27.318375930649648,42.34702792589265,0.0
1763541399.6190658,Machine-64,29.29297357389239,45.23132609555457,0.0
1763541400.5380173,raspberrypi,25.13,52.66,1.0
1763541400.6285276,Machine-64,28.381201489239384,42.331327351013094,0.0
1763541401.6676383,Machine-64,27.35938229068977,44.85338467535074,0.0
1763541402.5403478,raspberrypi,25.1,52.66,1.0
1763541402.68207,Machine-64,27.672086532974774,49.00655027173782,1.0
1763541403.6947646,Machine-64,29.358439963712303,47.01093284096029,0.0
1763541404.5424907,raspberrypi,25.25,52.66,0.0
1763541404.7080705,Machine-64,27.275763049965388,48.80730157775017,0.0
1763541405.7437897,Machine-64,27.734154176827662,40.05864498974357,0.0
1763541406.5447078,raspberrypi,25.1,52.66,1.0
1763541406.78472,Machine-64,27.715254165931928,44.10238239275097,0.0
1763541407.6385252,Fake-Machine-X,78.47925528319087,85.26507246700237,1.0
1763541407.8172596,Machine-64,27.11293347785506,41.28841274955334,0.0
1763541408.5468404,raspberrypi,25.23,52.66,1.0
1763541408.8405175,Machine-64,27.99741487005908,49.63882123921013,0.0
1763541409.8756137,Machine-64,27.160893429847103,49.53473706298705,0.0
1763541410.549263,raspberrypi,25.25,52.66,0.0
1763541410.8888583,Machine-64,29.029364304796566,49.83525090661169,0.0
1763541411.8980913,Machine-64,29.407607774561725,47.66187228538254,0.0
1763541412.551377,raspberrypi,25.13,52.66,0.0
1763541412.9179904,Machine-64,26.630612067298376,44.8879432506921,0.0
1763541413.9560542,Machine-64,28.367187347905865,41.95681334639382,0.0
1763541414.553603,raspberrypi,25.1,52.66,0.0
1763541414.9699247,Machine-64,28.4594355544427,49.11264816260659,0.0
1763541415.9850156,Machine-64,29.107220250550046,45.86507654944159,0.0
1763541416.5554485,raspberrypi,25.13,52.66,1.0
1763541417.0065897,Machine-64,27.480896026645034,48.63155398846409,0.0
1763541417.6601417,Fake-Machine-X,0.6821142134181777,94.88085573786597,1.0
1763541418.0367224,Machine-64,29.252294310024617,40.67291767130658,0.0
1763541418.557426,raspberrypi,25.2,52.66,1.0
1763541419.0626554,Machine-64,28.767188194621404,45.417710667071475,0.0
1763541420.1016085,Machine-64,28.215506762704976,49.62911189557308,0.0
1763541420.559471,raspberrypi,25.2,52.66,0.0
1763541421.1238568,Machine-64,29.089778118982707,44.582531068933534,0.0
1763541422.1353884,Machine-64,28.83650908214307,42.67180512380651,0.0
1763545117.883861,Machine-64,27.924329918111667,48.23249741193036,0
1763545119.5980031,Fake-Machine-X,-8.28822328277122,86.71966589495679,0
1763545120.1529455,Machine-64,29.17512172654211,49.647298303241584,0
1763545121.3794405,Machine-64,27.500335361693352,44.278046944739074,0
1763545124.1031308,Machine-64,28.964500121655988,41.17213873342383,0
1763545125.12397,Machine-64,27.565980778273794,45.64320615747346,0
1763545126.1777623,Machine-64,28.228254840404844,40.958516994835854,0
1763545137.0047705,Machine-64,28.637001593011988,47.31312921958872,0.0
1763545137.1309938,raspberrypi,25.0,52.74,0.0
1763545138.0326424,Machine-64,28.04635270234027,42.29716104793276,0.0
1763545139.023769,raspberrypi,25.15,52.74,0.0
1763545139.0686018,Machine-64,28.7721871943032,40.796079773976246,1.0
1763545139.624539,Fake-Machine-X,-6.046757396829574,98.44328481910917,1.0
1763545140.194902,Machine-64,26.772983006111595,49.302953728158585,0.0
1763545141.025684,raspberrypi,25.1,52.74,0.0
1763545141.367314,Machine-64,28.676957058059667,40.56469330023231,0.0
1763545142.3465824,Machine-64,28.1878484166235,40.77933215406749,0.0
1763545143.0276697,raspberrypi,25.25,52.73,1.0
1763545143.3823497,Machine-64,26.996100062785583,47.95374243997202,0.0
1763545144.682185,Machine-64,26.600214810046783,46.201985509450466,0.0
1763545145.0296063,raspberrypi,25.1,52.72,0.0
1763545145.701088,Machine-64,26.915153452912406,42.518808309845674,0.0
1763545146.7565408,Machine-64,28.649911212706858,44.411077883853736,0.0
1763545147.0315232,raspberrypi,25.13,52.71,1.0
1763545147.8008285,Machine-64,29.471012894781406,41.407821641989415,0.0
1763545148.9261215,Machine-64,27.117182990232166,49.07885613164514,0.0
1763545149.0334516,raspberrypi,25.15,52.7,0.0
1763545149.6124403,Fake-Machine-X,1.5596804798348014,4.976620281488349,1.0
1763545149.98549,Machine-64,27.40375110120396,47.74172024680881,0.0
1763545151.0021656,Machine-64,26.565163951057183,41.313407662868165,0.0
1763545151.0461843,raspberrypi,25.08,52.69,1.0
1763545152.065941,Machine-64,28.786525531782857,47.04417305339697,0.0
1763545153.0438306,raspberrypi,25.1,52.68,1.0
1763545153.2224226,Machine-64,27.138975383244038,47.485812716089534,0.0
1763545154.4420433,Machine-64,27.875465643421684,49.27100607213739,0.0
1763545155.0458627,raspberrypi,25.1,52.67,0.0
1763545155.566466,Machine-64,27.833851239439376,48.66980380854363,0.0
1763545156.5941117,Machine-64,26.59288862282163,41.59342985696324,1.0
1763545157.047812,raspberrypi,25.12,52.67,1.0
1763545157.619404,Machine-64,27.08771683523855,47.11878068503222,0.0
1763545158.6864705,Machine-64,26.721383270378357,41.003253584613994,0.0
1763546984.7177958,raspberrypi,25.0,52.16,0
1763546986.721037,raspberrypi,25.0,52.16,0
1763546988.7250893,raspberrypi,25.0,52.16,1
1763546990.7296915,raspberrypi,25.0,52.16,0
1763546992.7341278,raspberrypi,25.0,52.16,0
1763546994.7387981,raspberrypi,25.0,52.16,1
1763546996.7434108,raspberrypi,25.0,52.16,1
1763546998.7482033,raspberrypi,25.0,52.16,0
1763546999.7879448,Machine-64,27.479366157915965,42.249033792546854,0
1763547000.7528772,raspberrypi,25.0,52.16,1
1763547000.8190587,Machine-64,28.191879857254186,44.44383716980134,0
1763547001.9053395,Machine-64,26.94896767232413,43.18189668491677,0
1763547002.7580838,raspberrypi,25.0,52.16,0
1763547002.920444,Machine-64,29.090857684616324,49.8685112314926,0
1763547004.0221071,Machine-64,27.999470631676317,46.77946910709495,0
1763547004.7626836,raspberrypi,25.02,52.16,0
1763547005.0781496,Machine-64,26.81093171807416,42.477871537314186,0
1763547006.7673898,raspberrypi,25.0,52.16,1
1763547007.1670177,Machine-64,26.666370503665114,40.58518678199242,0
1763547008.2121315,Machine-64,26.537186835716803,48.44398261774002,0
1763547008.7709465,raspberrypi,25.0,52.16,1
1763547009.2851558,Machine-64,28.177877120363004,42.14754857960987,0
1763547010.7756765,raspberrypi,25.0,52.16,0
1763547012.7803016,raspberrypi,25.0,52.16,0
1763547014.7851036,raspberrypi,25.0,52.16,1
1763547217.8075967,raspberrypi,26.48,52.72,1.0
1763547217.9518676,Machine-64,28.529457185634946,42.00319183288704,0.0
1763547219.8095794,raspberrypi,25.0,52.72,0.0
1763547220.1004674,Machine-64,28.90549573548204,45.352095117401056,0.0
1763547221.1170065,Machine-64,27.20498307687059,47.86874959856203,0.0
1763547221.346128,Fake-Machine-X,-9.795170630028673,94.90530549740205,1.0
1763547221.811616,raspberrypi,25.22,52.71,1.0
1763547222.1405962,Machine-64,27.53166022639801,46.5814489098991,0.0
1763547223.1953363,Machine-64,28.05298153201801,49.23446029036349,0.0
1763547223.813644,raspberrypi,25.1,52.71,1.0
1763547224.2153428,Machine-64,28.270750880226434,41.6452213592456,0.0
1763547225.2527273,Machine-64,28.383004525627427,46.5494004377853,0.0
1763547225.815911,raspberrypi,25.25,52.71,0.0
1763547226.2721374,Machine-64,27.58516271687936,41.098675992668674,1.0
1763547227.2879817,Machine-64,28.609880128142457,46.97573377932224,0.0
1763547227.817919,raspberrypi,25.12,52.71,1.0
1763547228.3052547,Machine-64,28.30411695498677,44.44504153494765,0.0
1763547229.8199213,raspberrypi,25.0,52.71,0.0
1763547230.4784222,Machine-64,26.83666040090844,47.01889192371169,0.0
1763547231.359452,Fake-Machine-X,98.87715187055903,16.10114913960722,1.0
1763547231.4930236,Machine-64,26.571052980799788,46.396862394315384,0.0
1763547231.8221433,raspberrypi,25.4,52.71,1.0
1763547232.5261867,Machine-64,29.45796822969288,44.691475878148495,0.0
1763547233.5704713,Machine-64,27.376988842695184,41.969790239895055,0.0
1763547233.8241324,raspberrypi,25.12,52.71,0.0
1763547234.63152,Machine-64,28.295870577130014,43.60775853822853,0.0
1763547235.6868594,Machine-64,28.80936431656184,48.48490477094835,0.0
1763547235.826064,raspberrypi,25.1,52.71,1.0
1763547236.7050645,Machine-64,29.472038924075367,46.98252061841227,0.0
1763547237.740403,Machine-64,28.57501542352832,43.729605465201,0.0
1763547237.8281825,raspberrypi,25.12,52.71,1.0
1763547238.7668297,Machine-64,29.418572866571886,43.35149848112039,0.0
1763547239.7963393,Machine-64,27.451929543685257,46.84160117410817,0.0
1763547239.8404043,raspberrypi,25.08,52.71,0.0
1763547240.8153677,Machine-64,26.784817365034492,48.92961391273234,0.0
1763547241.369715,Fake-Machine-X,-0.3917967860505236,94.8223697571313,1.0
1763547241.8314161,Machine-64,29.1949807578382,40.61861627768441,0.0
1763547241.922247,raspberrypi,25.22,52.71,0.0
1763547242.84678,Machine-64,27.14432704340687,43.30623339459582,0.0
1763547243.836349,raspberrypi,25.12,52.71,1.0
1763547243.8802018,Machine-64,28.556337975205825,44.680298067785266,0.0
1763547244.903298,Machine-64,27.44876121130388,44.62798042396558,0.0
1763547245.8384068,raspberrypi,25.13,52.71,0.0
1763547245.9282777,Machine-64,27.171538261928127,42.12670030178038,0.0
1763547247.1117628,Machine-64,28.209223186579635,44.655111318730405,0.0
1763547247.8406909,raspberrypi,25.28,52.71,0.0
1763547248.1316512,Machine-64,28.31243184022803,47.40593587782206,0.0
1763547249.4668298,Machine-64,27.281367333204827,45.32430047778885,0.0
1763547249.8424811,raspberrypi,25.1,52.71,0.0
1763547250.5200756,Machine-64,28.534728922873366,47.059654213533,0.0
1763547251.3830142,Fake-Machine-X,-0.04632773455580441,1.048296127670576,1.0
1763547251.539083,Machine-64,26.794739541073934,42.996501105306756,0.0
1763547251.8444626,raspberrypi,25.22,52.71,1.0
1763547252.563276,Machine-64,26.977162954870263,49.146167947806234,0.0
1763547253.5832305,Machine-64,28.048591855760954,47.387098924544055,0.0
1763547253.8464093,raspberrypi,25.12,52.71,1.0
1763547254.6259599,Machine-64,28.73949729187903,48.36261960137975,0.0
1763547255.6446927,Machine-64,26.52485719915263,46.452060040063444,0.0
1763547255.8483508,raspberrypi,25.1,52.71,1.0
1763547256.6717432,Machine-64,28.32497428629472,43.796578411359725,0.0
1763547257.6902187,Machine-64,27.465195308651435,42.61919703492104,0.0
1763547257.85032,raspberrypi,25.25,52.71,0.0
1763547258.7138,Machine-64,28.937728011810567,44.12352749673453,0.0
1763547259.7284498,Machine-64,29.118996947022,43.1611776887433,0.0
1763547259.852423,raspberrypi,25.13,52.71,1.0
1763547260.7465062,Machine-64,28.97716064980259,44.19384232073922,0.0
1763547261.3859007,Fake-Machine-X,65.35882112685633,98.3778422820942,0.0
1763547261.7605865,Machine-64,26.788565383065084,47.685211399951235,0.0
1763547261.8545868,raspberrypi,25.27,52.71,1.0
1763547262.7904756,Machine-64,27.72117702459141,45.91097935867383,0.0
1763547263.8126183,Machine-64,28.626730483287364,46.083141197975905,0.0
1763547263.8568962,raspberrypi,25.2,52.71,1.0
1763547264.8281078,Machine-64,29.496549612547323,44.83419067919316,0.0
1763547265.8407652,Machine-64,29.409596372793505,40.50299171247677,0.0
1763547265.8851147,raspberrypi,25.08,52.71,1.0
1763547266.9079692,Machine-64,28.48645104302756,43.20859315061096,0.0
1763547267.8609128,raspberrypi,25.1,52.71,0.0
1763547267.93393,Machine-64,28.17095228183451,49.74878557063602,0.0
1763547268.997819,Machine-64,26.640344723840155,40.03654980863583,0.0
1763547269.8646376,raspberrypi,25.13,52.71,0.0
1763547270.0551429,Machine-64,28.095491403695316,46.24882284884906,0.0
1763718617.234176,raspberrypi,26.05,52.69,0.0
1763718618.699902,Machine-64,26.684860179440093,43.21491029247499,0.0
1763718619.2361035,raspberrypi,25.12,52.69,1.0
1763718619.9160395,Machine-64,27.448455329907286,40.204227379423685,0.0
1763718620.821019,Fake-Machine-X,61.61787507130505,94.02614376968019,1.0
1763718621.864111,Machine-64,28.538945257783382,47.33511459416159,0.0
1763718621.958436,raspberrypi,25.12,52.69,1.0
1763718622.0786026,Machine-64,28.245032414030298,45.69320122289567,0.0
1763718623.1927795,Machine-64,28.493207518446752,40.91073986561675,0.0
1763718623.2402146,raspberrypi,25.13,52.69,0.0
1763718624.2538483,Machine-64,26.86030960414112,46.182187697844384,0.0
1763718625.2436604,raspberrypi,25.1,52.69,0.0
1763718625.3256443,Machine-64,29.30025203775223,46.77145004827642,0.0
1763718626.435284,Machine-64,27.07193772668164,42.717620508890164,0.0
1763718627.2474892,raspberrypi,25.12,52.69,1.0
1763718627.5519168,Machine-64,28.042939302724484,40.33252243457538,0.0
1763718628.9295402,Machine-64,28.219118910912137,45.06901124236297,0.0
1763718629.2495074,raspberrypi,25.15,52.69,1.0
1763718630.2717571,Machine-64,28.509122504610147,49.35862911134126,0.0
1763718630.8520427,Fake-Machine-X,-7.71604038011112,98.78612737782296,1.0
1763718631.8946404,raspberrypi,25.2,52.69,0.0
1763718633.2554326,raspberrypi,25.0,52.68,0.0
1763718635.257405,raspberrypi,25.0,52.68,1.0
1763718637.2594442,raspberrypi,25.0,52.67,1.0
1763718639.2632875,raspberrypi,25.0,52.67,1.0
1763718640.8452516,Fake-Machine-X,106.87953119764016,18.005074834180636,1.0
1763718641.8882532,raspberrypi,25.12,52.67,1.0
1763718643.267346,raspberrypi,25.0,52.67,0.0
1763718645.2713003,raspberrypi,25.02,52.67,0.0
1763718647.273281,raspberrypi,25.0,52.67,1.0
1763718649.2753215,raspberrypi,25.0,52.67,0.0
1763718651.2791755,raspberrypi,25.0,52.67,1.0
1763718653.281202,raspberrypi,25.03,52.67,0.0
1763718655.2832503,raspberrypi,25.02,52.67,0.0
1763718657.2871468,raspberrypi,25.0,52.67,1.0
1763718659.2891293,raspberrypi,25.0,52.67,0.0
1763718661.291133,raspberrypi,25.0,52.67,0.0
1763718663.2949958,raspberrypi,25.0,52.67,1.0
1763718665.2969475,raspberrypi,25.0,52.67,0.0
1763718667.298974,raspberrypi,25.0,52.67,1.0
1763718669.3028057,raspberrypi,25.0,52.67,0.0
1763718671.3047752,raspberrypi,25.0,52.67,0.0
1763718673.30678,raspberrypi,25.0,52.67,1.0
1763718675.3109946,raspberrypi,25.0,52.67,1.0
1763718677.3127363,raspberrypi,25.0,52.67,1.0
1763718679.3147507,raspberrypi,25.0,52.67,0.0
1763718681.3187745,raspberrypi,25.0,52.67,1.0
1763718683.3203695,raspberrypi,25.0,52.67,1.0
1763718685.3224373,raspberrypi,25.0,52.67,1.0
1763718687.3267016,raspberrypi,25.0,52.67,1.0
1763718689.3284273,raspberrypi,25.0,52.67,0.0
1763718691.331667,raspberrypi,25.0,52.67,1.0
1763718693.3357558,raspberrypi,25.0,52.67,0.0
1763718695.3374615,raspberrypi,25.02,52.67,0.0
1763718697.3394432,raspberrypi,25.0,52.67,1.0
1763719424.3542523,Machine-64,26.653847921951833,49.10226044183407,0.0
1763719425.3725512,Machine-64,27.14004947227383,49.1930749196861,0.0
1763719425.9016411,raspberrypi,25.28,52.68,1.0
1763719426.4047194,Machine-64,26.542278663548103,43.03293030142045,0.0
1763719427.4257607,Machine-64,27.34699287555169,44.45899882861472,0.0
1763719427.9036443,raspberrypi,25.1,52.68,0.0
1763719428.419115,Fake-Machine-X,96.11251453906391,92.88954680680678,1.0
1763719429.4636319,Machine-64,28.23174533237352,41.58812766451307,0.0
1763719429.5083454,Machine-64,27.64283857112197,44.422628663819566,0.0
1763719429.9056263,raspberrypi,25.25,52.68,0.0
1763719430.5614893,Machine-64,26.51292365736427,44.126285763508704,0.0
1763719431.5797417,Machine-64,27.175686552139656,46.34971013714511,0.0
1763719431.9078572,raspberrypi,25.3,52.69,1.0
1763719432.6035807,Machine-64,29.31848818465059,44.94758484710286,0.0
1763719433.646261,Machine-64,27.19188104123297,40.08404349800299,0.0
1763719433.909812,raspberrypi,25.1,52.69,1.0
1763719434.668221,Machine-64,29.30374367305992,41.574694638837705,0.0
1763719435.7436664,Machine-64,27.11908955041706,48.50153834386116,0.0
1763719435.9117932,raspberrypi,25.1,52.68,1.0
1763719436.739986,Machine-64,28.05591398619894,41.7381669349826,0.0
1763719437.8045897,Machine-64,28.79857988402534,47.919809462578144,0.0
1763719437.9139118,raspberrypi,25.13,52.66,0.0
1763719438.4285762,Fake-Machine-X,-7.531852455403176,82.53520824275354,0.0
1763719439.4724648,Machine-64,27.098584525861117,45.51827093761139,0.0
1763719439.918784,raspberrypi,25.1,52.66,0.0
1763719440.1541524,Machine-64,27.32690921647385,45.67300083457558,0.0
1763719441.3742726,Machine-64,27.262256580605232,46.46592191845599,0.0
1763719441.9224093,raspberrypi,25.12,52.64,0.0
1763719442.3984158,Machine-64,28.341046239379285,48.6794589055559,0.0
1763719443.4264836,Machine-64,29.44161283446057,46.40334159195655,0.0
1763719443.9245129,raspberrypi,25.13,52.63,1.0
1763719444.4583063,Machine-64,28.67329582592496,45.057110501427694,0.0
1763719445.4957135,Machine-64,28.43662112880339,48.95405618376559,0.0
1763719445.9263191,raspberrypi,25.12,52.63,1.0
1763719446.5143542,Machine-64,27.005008945316295,44.58294563784628,0.0
1763719447.5394409,Machine-64,27.950347565666064,43.91350746294326,0.0
1763719447.9282784,raspberrypi,25.27,52.66,0.0
1763719448.4395697,Fake-Machine-X,103.03744062861955,93.7767610711671,1.0
1763719449.4832728,Machine-64,27.983245404058394,47.51524745396496,0.0
1763719449.560476,Machine-64,26.62756580274748,45.82487467552005,0.0
1763719449.9302511,raspberrypi,25.23,52.65,1.0
1763719450.591223,Machine-64,28.52363007251624,46.734382459995125,0.0
1763719451.61169,Machine-64,28.386868317627446,41.915625532332434,0.0
1763719451.932217,raspberrypi,25.15,52.65,0.0
1763719452.6536663,Machine-64,28.95470186982755,45.11527192522843,0.0
1763719453.6607037,Machine-64,27.996184381195437,40.3273724118368,0.0
1763719453.934187,raspberrypi,25.12,52.64,0.0
1763719454.686794,Machine-64,28.57597545632561,42.22022402245561,0.0
1763719455.7816408,Machine-64,26.882685240261306,45.679486111442344,0.0
1763719455.9361577,raspberrypi,25.15,52.63,1.0
1763719456.891557,Machine-64,26.649833004624227,45.02076413178624,0.0
1763719457.9152863,Machine-64,27.610430470823854,42.15661618517858,0.0
1763719458.0143952,raspberrypi,25.05,52.63,0.0
1763719458.4532306,Fake-Machine-X,-0.31989367149839687,91.81733825094128,0.0
1763719459.4973018,Machine-64,29.348867148238803,45.1524120191751,0.0
1763719459.942246,raspberrypi,25.12,52.63,0.0
1763719459.9869812,Machine-64,26.524746083745782,42.72333574807376,0.0
1763719460.9817822,Machine-64,28.124408558675416,49.14141233197509,0.0
1763719461.9442716,raspberrypi,25.1,52.63,0.0
1763719463.2569392,Machine-64,26.837963479716755,42.84700437270457,0.0
1763719463.9481037,raspberrypi,25.25,52.62,1.0
1763719464.273278,Machine-64,29.212443916406777,49.558456207084134,0.0
1763719465.2897422,Machine-64,28.921122118400493,47.46349391224648,0.0
1763719465.9500391,raspberrypi,25.1,52.62,1.0
1763719466.3130999,Machine-64,27.528889157979247,43.174043050090745,0.0
1763719467.3452938,Machine-64,26.60195896447984,43.00324865845676,0.0
1763719467.9520168,raspberrypi,25.13,52.62,1.0
1763719468.359554,Machine-64,26.52673212895071,43.20978763329559,0.0
1763719468.4612775,Fake-Machine-X,80.93949276664219,9.57319290805252,1.0
1763719469.5056078,Machine-64,28.5641191075163,43.064932823498054,0.0
1763719469.954175,raspberrypi,25.27,52.62,0.0
1763719470.4111845,Machine-64,27.533065534939524,40.531970645626,0.0
1763719471.4314177,Machine-64,28.275290048997878,46.21166593538573,0.0
1763719471.9559665,raspberrypi,25.1,52.62,0.0
1763719472.4569108,Machine-64,27.593547909884037,46.97947534049087,0.0
1763719473.4751084,Machine-64,26.875159046113254,47.402891119412146,0.0
1763719473.9579408,raspberrypi,25.13,52.62,0.0
1763719474.4926653,Machine-64,27.283017303223353,47.818824125605126,0.0
1763719475.5339925,Machine-64,28.738262670809004,40.002549014158674,0.0
1763719475.9601712,raspberrypi,25.23,52.62,0.0
1763719476.569221,Machine-64,28.117762609313097,46.89621852887763,0.0
1763719477.6094055,Machine-64,27.395200531187413,40.02405308746467,0.0
1763719477.9625056,raspberrypi,25.15,52.62,1.0
1763719478.479274,Fake-Machine-X,67.53365339836245,91.78529478180627,1.0
1763719479.5229435,Machine-64,28.695166783167842,41.647257593248554,0.0
1763719479.6723473,Machine-64,29.03296589397337,45.16685210117669,0.0
1763719479.9645972,raspberrypi,25.25,52.62,0.0
1763719480.711168,Machine-64,27.411259971205688,47.83452135793137,0.0
1763719481.72824,Machine-64,26.924292042716477,41.816477537518686,0.0
1763719481.9662836,raspberrypi,25.1,52.62,0.0
1763719483.004507,Machine-64,29.039945598107742,47.85893104842837,0.0
1763719483.9686136,raspberrypi,25.1,52.62,0.0
1763719484.0334313,Machine-64,28.025663388107127,45.6338109750816,0.0
1763719485.0524278,Machine-64,29.27404172243589,47.52328661659655,0.0
1763719485.972587,raspberrypi,25.1,52.62,0.0
1763719486.0788672,Machine-64,27.403295671920944,46.847571033658696,0.0
1763719487.099278,Machine-64,28.0836221550966,46.17434853019561,0.0
1763719487.9745576,raspberrypi,25.1,52.62,1.0
1763719488.1255677,Machine-64,27.13570339026696,42.08068432684033,0.0
1763719488.483808,Fake-Machine-X,3.283254111941744,89.3863074236375,1.0
1763719489.5278301,Machine-64,27.96283292919006,49.46285635698339,0.0
1763719489.9765716,raspberrypi,25.13,52.62,1.0
1763719490.1881585,Machine-64,27.897852802198326,48.28216326750748,0.0
1763719491.2032294,Machine-64,26.728362876069664,49.61731375108127,0.0
1763719491.9789166,raspberrypi,25.28,52.62,1.0
1763719492.243167,Machine-64,27.323565997013475,43.97940061638934,0.0
1763719493.2675822,Machine-64,26.779128549512087,49.655503389806796,0.0
1763719493.981027,raspberrypi,25.1,52.62,0.0
1763719494.2842507,Machine-64,27.50041322486028,44.78098180052193,0.0
1763719495.3015337,Machine-64,26.75793456129618,44.616342787576684,0.0
1763720011.037583,Machine-64,28.94251163735823,43.43331521045847,0.0
1763720011.7500253,raspberrypi,25.12,52.64,0.0
1763720013.0692453,Machine-64,28.009424632194463,46.75765436295853,0.0
1763720013.967294,Fake-Machine-X,75.12498359591325,99.67356047532257,0.0
1763720015.0120533,raspberrypi,25.12,52.63,0.0
1763720015.184725,Machine-64,28.146756717104264,45.601307873542964,0.0
1763720017.2149634,Machine-64,28.007211481527552,45.125227768876236,0.0
1763720017.754396,raspberrypi,25.12,52.64,0.0
1763720019.4313283,Machine-64,27.464633101834234,45.77725380264576,0.0
1763720020.756531,raspberrypi,25.0,52.64,0.0
1763720021.465826,Machine-64,27.113226030307246,45.41956673630589,0.0
1763720023.5396519,Machine-64,28.630748706906804,42.879378011552035,0.0
1763720023.758226,raspberrypi,25.1,52.64,0.0
1763720023.9748533,Fake-Machine-X,98.1050781511508,12.175611209671349,0.0
1763720025.6453547,Machine-64,28.250295201239798,46.8996696166269,0.0
1763720026.760227,raspberrypi,25.0,52.63,1.0
1763720027.6820643,Machine-64,27.569156548271767,47.392733964973445,0.0
1763720029.6907752,Machine-64,27.08644302118433,40.10283315433243,0.0
1763720029.762214,raspberrypi,25.15,52.62,1.0
1763720031.7513392,Machine-64,28.617458476794724,49.643845770222526,0.0
1763720032.765021,raspberrypi,25.25,52.62,1.0
1763720033.7634366,Machine-64,26.716674640526357,49.46080101558042,0.0
1763720034.0052767,Fake-Machine-X,62.11865890713079,19.38073904346293,1.0
1763720035.767282,raspberrypi,25.0,52.61,0.0
1763720035.8120632,Machine-64,26.967154122565255,48.186901157538415,0.0
1764138936.3282256,raspberrypi,25.27,52.86,0.0
1764138936.6528444,Machine-64,27.236624564909523,40.75760348513282,0.0
1764138938.5728035,Machine-64,29.143972207040598,46.2325111647401,0.0
1764138939.3324487,raspberrypi,25.1,52.85,1.0
1764138940.585807,Machine-64,27.960180444565733,47.65525447701187,0.0
1764138942.0090587,Fake-Machine-X,112.71610464877998,98.87987930542137,1.0
1764138943.1086507,raspberrypi,25.25,52.85,0.0
1764138943.1518161,Machine-64,29.274120287763733,49.833422941817915,0.0
1764138944.6397731,Machine-64,28.283431857530243,45.32502757541141,0.0
1764138945.3371494,raspberrypi,25.1,52.85,1.0
1764138971.2909424,Machine-64,26.67435777255226,42.094042066906894,0.0
1764138972.0276845,Fake-Machine-X,85.95335285569939,5.490808218903329,1.0
1764138973.071173,raspberrypi,25.1,52.9,0.0
1764138973.350499,Machine-64,27.423350056418197,46.642173483050506,0.0
1764138975.355784,Machine-64,27.25443989867429,42.282902368732614,0.0
1764138975.3995516,raspberrypi,25.03,52.87,0.0
1764138977.3879945,Machine-64,28.038553912481007,44.118545095906455,0.0
1764138978.3751638,raspberrypi,25.27,52.86,0.0
1764138979.4068608,Machine-64,28.737673426295895,47.059587173701104,0.0
1764138981.3772347,raspberrypi,25.0,52.85,1.0
1764138981.4354799,Machine-64,27.005825642561035,43.82401035938043,0.0
1764138982.0087667,Fake-Machine-X,-3.51007786821679,88.91153783425533,1.0
1764138983.4473255,Machine-64,29.0538039876166,43.47641118698413,0.0
1764138984.3796406,raspberrypi,25.28,52.83,1.0
1764138985.473777,Machine-64,26.74768117691377,43.466783738924086,0.0
1764138987.3813787,raspberrypi,25.0,52.82,1.0
1764138987.484837,Machine-64,26.505092251110852,46.94759215328811,0.0
1764138989.5088944,Machine-64,27.818690954187858,49.53951330178144,0.0
1764138990.383648,raspberrypi,25.28,52.81,1.0
1764138991.5328877,Machine-64,27.403712323640274,42.60029397681542,0.0
1764138992.0113668,Fake-Machine-X,-8.440678241948206,16.183924352154882,1.0
1764138993.385613,raspberrypi,25.0,52.81,0.0
1764138993.5731642,Machine-64,26.525683483672726,43.2535676745022,0.0
1764138995.6028519,Machine-64,29.499867650908868,44.328007850498786,0.0
1764138996.3878813,raspberrypi,25.28,52.81,0.0
1764138997.6120558,Machine-64,26.745332882831732,46.69395698972928,0.0
1764138999.3898954,raspberrypi,25.0,52.81,0.0
1764138999.653684,Machine-64,28.029798503741514,41.50193330619775,0.0
1764139001.6946142,Machine-64,29.479355883727465,40.127007539225694,0.0
1764139002.0025766,Fake-Machine-X,70.5206455156233,97.4180472119715,1.0
1764139003.04525,raspberrypi,25.37,52.81,0.0
1764139003.7184422,Machine-64,28.961560054274052,43.62898987765318,0.0
1764139580.2081835,raspberrypi,25.0,52.6,1.0
1764139583.2105737,raspberrypi,25.02,52.61,0.0
1764139585.4077365,Fake-Machine-X,-2.853161665572797,1.2786097656330986,1.0
1764139586.5158427,raspberrypi,25.32,52.61,0.0
1764139589.2149107,raspberrypi,25.0,52.61,1.0
1764139590.9490216,Machine-64,26.763253882253178,40.52917079432771,0.0
1764139592.216937,raspberrypi,25.0,52.6,0.0
1764139593.2005386,Machine-64,28.048808935355765,46.59497806761774,0.0
1764139595.218973,raspberrypi,25.0,52.6,1.0
1764139595.5307393,Fake-Machine-X,2.714739351521221,9.174644115183025,1.0
1764139596.5791771,Machine-64,28.972776515070702,40.88896549866562,0.0
1764139598.2210016,raspberrypi,25.02,52.59,0.0
1764139599.4657853,Machine-64,27.240828077856843,45.9568211347143,0.0
1764139601.2233846,raspberrypi,25.0,52.59,0.0
1764139602.3408206,Machine-64,27.754386857928086,40.49410561213543,0.0
1764139823.9461946,Fake-Machine-X,64.63184607069353,16.66919273000143,1.0
1764139824.9932709,Machine-64,27.862892972260678,44.47797391541201,0.0
1764139825.037505,raspberrypi,25.12,52.62,0.0
1764139826.070264,Machine-64,28.27341933240258,42.15399152855529,0.0
1764139827.6743338,raspberrypi,25.0,52.62,1.0
1764139828.0887256,Machine-64,27.957996724975214,46.44555877626172,0.0
1764139830.1195664,Machine-64,29.216530089008216,47.904747081815614,0.0
1764139830.6766055,raspberrypi,25.25,52.61,1.0
1764139832.130547,Machine-64,26.583066843803245,45.78913513626303,0.0
1764139833.6786165,raspberrypi,25.02,52.61,1.0
1764139833.9099636,Fake-Machine-X,-4.019671328324286,19.199405816528923,1.0
1764139834.952992,Machine-64,26.8216408193312,41.679524691607426,0.0
1764139836.1948867,Machine-64,26.620134735977206,45.036939779373874,0.0
1764139836.680899,raspberrypi,25.3,52.61,1.0
1764139838.2455072,Machine-64,26.99469621148014,49.13964497492409,0.0
1764139839.6829202,raspberrypi,25.03,52.61,0.0
1764139840.268122,Machine-64,28.257299927400545,41.539900613449504,0.0
1764139842.290496,Machine-64,29.10290908846951,46.42248020422983,0.0
1764139842.6859574,raspberrypi,25.25,52.61,0.0
1764139843.9743123,Fake-Machine-X,110.22898453418863,96.82334293303603,1.0
1764139845.017703,Machine-64,29.402535236650795,42.82365024395679,0.0
1764139845.6887398,raspberrypi,25.1,52.6,1.0
1764139846.3363695,Machine-64,29.229392844628375,44.8017540716831,0.0
1764139848.3653665,Machine-64,27.18596658209614,47.71529259145826,0.0
1764139848.6933112,raspberrypi,25.25,52.6,1.0
1764139850.3847451,Machine-64,26.70128593983008,46.65367728735953,0.0
1764139851.6955962,raspberrypi,25.0,52.6,0.0
1764139852.408569,Machine-64,26.91792336547871,46.58682581148365,0.0
1764139854.0089927,Fake-Machine-X,116.9510950861712,99.38165255534767,1.0
1764139855.1180305,Machine-64,27.237405361113705,43.45164332681062,0.0
1764139855.161035,raspberrypi,25.28,52.6,0.0
1764139856.4766333,Machine-64,29.498689223077687,46.63795087511548,0.0
1764139857.7018847,raspberrypi,25.0,52.6,0.0
1764139858.5361524,Machine-64,27.1915174054148,46.63502637153259,0.0
1764139860.5533655,Machine-64,27.53579590166844,49.59057223159067,0.0
1764139860.705339,raspberrypi,25.25,52.6,1.0
1764139862.5743515,Machine-64,27.99913887241156,42.57028998390846,0.0
1764139863.707559,raspberrypi,25.0,52.59,1.0
1764139864.068567,Fake-Machine-X,65.60776697497111,19.16666624805433,1.0
1764139865.1121283,Machine-64,28.97867001349942,48.152447323117656,0.0
1764139866.6279075,Machine-64,28.84240807144105,44.21020520673331,0.0
1764139866.7227786,raspberrypi,25.22,52.59,1.0
1764139868.6480784,Machine-64,28.066335139261255,40.62511191898953,0.0
1764139869.717428,raspberrypi,25.08,52.59,0.0
1764139870.6634898,Machine-64,27.243923127891716,43.64327523247115,0.0
1764139872.6872153,Machine-64,27.731518286358522,49.39081910663784,0.0
1764139872.7311897,raspberrypi,25.08,52.59,0.0
1764139874.0206223,Fake-Machine-X,77.90665028344144,5.678328193613746,1.0
1764139875.1290808,Machine-64,28.45685410599882,48.02492355613491,0.0
1764139875.7231429,raspberrypi,25.1,52.59,0.0
1764139876.7169788,Machine-64,29.102663733514373,48.13790238073517,0.0
1764139878.7257686,raspberrypi,25.0,52.59,0.0
1764139878.7697258,Machine-64,27.32053243725831,48.0351538996843,0.0
1764139880.796214,Machine-64,27.40903857838813,42.84204635065267,1.0
1764139881.8898773,raspberrypi,25.25,52.59,0.0
1764139882.8168612,Machine-64,28.30247401880718,47.202928574819374,0.0
1764139884.0365043,Fake-Machine-X,-0.9746630974350818,92.29038738804918,1.0
1764139885.0795825,raspberrypi,25.13,52.59,0.0
1764139885.1225677,Machine-64,27.45456426858743,48.57859667425174,0.0
1764139886.8747346,Machine-64,27.394866125681535,46.00315871952612,0.0
1764139887.7335076,raspberrypi,25.2,52.59,1.0
1764139888.959047,Machine-64,26.775674631526115,42.02160073275274,0.0
1764139890.7362676,raspberrypi,25.0,52.59,1.0
1764139890.9836042,Machine-64,26.7531490442436,46.56503169067443,1.0
1764139893.0223134,Machine-64,27.14558892846356,43.267413925650594,0.0
1764139893.7386942,raspberrypi,25.23,52.59,1.0
1764139894.0458636,Fake-Machine-X,1.7430713651518097,92.15970166831467,1.0
1764139895.0886898,Machine-64,29.08713428392237,40.32011761927221,0.0
1764139896.7407732,raspberrypi,25.0,52.59,1.0
1764139897.05844,Machine-64,29.468384668224964,42.9198434559238,0.0
1764139899.074862,Machine-64,28.583169139804752,44.705041820695975,0.0
1764139899.744548,raspberrypi,25.3,52.59,1.0
1764140199.1446388,Machine-64,28.39816461363035,43.29145938781489,0.0
1764140199.891603,raspberrypi,25.15,52.83,1.0
1764140201.3741636,Machine-64,28.490242614464766,49.91831372461327,0.0
1764140202.9002168,raspberrypi,25.0,52.83,0.0
1764140203.4927144,Machine-64,26.860199812800836,44.41746180663182,0.0
1764140204.6905203,Fake-Machine-X,-2.8058997474365093,0.9150189690939725,1.0
1764140205.7337117,Machine-64,28.885520346327617,47.402332274868584,0.0
1764140205.9023764,raspberrypi,25.1,52.82,1.0
1764140207.5194883,Machine-64,27.68036749761529,48.40118544539267,0.0
1764140208.9068332,raspberrypi,25.0,52.83,1.0
1764140209.5542152,Machine-64,26.92854268124585,42.49536757995694,0.0
1764140211.672585,Machine-64,28.02196233170357,41.04862078471103,0.0
1764140211.908717,raspberrypi,25.1,52.82,1.0
1764140213.8549597,Machine-64,29.06530390054148,43.34032060458154,0.0
1764140214.7165222,Fake-Machine-X,0.5081381018468747,95.55296042782291,1.0
1764140215.809037,raspberrypi,25.25,52.82,0.0
1764140215.926382,Machine-64,28.392068986760773,46.58669874783183,0.0
1764140217.8750134,Machine-64,29.0853064054322,42.48169010105981,0.0
1764140217.919455,raspberrypi,25.12,52.82,1.0
1764140219.8927717,Machine-64,27.50140418597199,44.47063449601079,1.0
1764140220.9199052,raspberrypi,25.05,52.81,0.0
1764140221.918404,Machine-64,27.52843655747662,47.30727377870876,0.0
1764140223.9220185,raspberrypi,25.0,52.8,0.0
1764140223.9666154,Machine-64,29.280534608525965,47.655191211952264,0.0
1764140224.729496,Fake-Machine-X,70.00414870507205,7.305625752903515,1.0
1764140226.0407941,Machine-64,29.42538693562671,41.82586957868203,0.0
1764140226.9241073,raspberrypi,25.27,52.8,1.0
1764140228.0715861,Machine-64,27.66119326608326,45.67570697916085,0.0
1764140229.9261904,raspberrypi,25.0,52.8,0.0
1764140230.1922882,Machine-64,27.13667787936503,42.05190358622367,0.0
                                                                                                                                                                                                                                                                                                                                                                                                                                                                                                            